CustomerID,Recency,Frequency,MonetaryValue,Future_MonetaryValue,Cluster,Segment
12346,226,1,77183.6,0.0,2,High Value
12347,30,5,2790.86,1519.14,1,Medium Value
12348,149,3,1487.24,310.0,0,Low Value
12350,211,1,334.40000000000003,0.0,0,Low Value
12352,163,5,1561.81,944.23,0,Low Value
12353,105,1,89.0,0.0,1,Medium Value
12354,133,1,1079.4,0.0,0,Low Value
12355,115,1,459.40000000000003,0.0,0,Low Value
12356,146,2,2753.08,58.349999999999994,0,Low Value
12358,51,1,484.86,683.2,1,Medium Value
12359,90,3,3495.73,2876.85,1,Medium Value
12360,13,2,1618.28,1043.78,1,Medium Value
12361,188,1,189.9,0.0,0,Low Value
12362,21,4,1747.3500000000001,3478.88,1,Medium Value
12363,10,2,552.0,0.0,1,Medium Value
12364,13,1,623.92,689.18,1,Medium Value
12365,192,2,641.38,0.0,0,Low Value
12370,175,3,2806.41,739.28,0,Low Value
12372,113,2,914.9200000000001,383.12,1,Medium Value
12373,212,1,364.6,0.0,0,Low Value
12377,216,2,1628.1200000000001,0.0,0,Low Value
12378,30,1,4008.62,0.0,1,Medium Value
12379,71,1,459.84,392.40000000000003,1,Medium Value
12380,86,1,607.5500000000001,2117.26,1,Medium Value
12381,20,1,1268.74,576.57,1,Medium Value
12383,86,5,1850.56,0.0,1,Medium Value
12384,22,1,292.69,292.58,1,Medium Value
12386,238,2,401.9,0.0,0,Low Value
12388,49,4,1668.3400000000001,1112.3200000000002,1,Medium Value
12393,146,3,1061.1000000000001,521.5,0,Low Value
12394,118,1,381.08,891.4000000000001,0,Low Value
12395,13,8,1899.57,1119.06,1,Medium Value
12397,36,1,1214.81,1195.09,1,Medium Value
12399,20,4,1108.65,0.0,1,Medium Value
12401,204,1,84.3,0.0,0,Low Value
12402,224,1,225.60000000000002,0.0,0,Low Value
12405,49,1,1710.39,0.0,1,Medium Value
12406,84,1,1621.25,1794.05,1,Medium Value
12407,35,4,1407.36,300.76,1,Medium Value
12408,76,3,1491.77,1396.78,1,Medium Value
12409,83,1,6207.08,4865.59,1,Medium Value
12410,209,2,693.33,0.0,0,Low Value
12412,38,2,890.74,336.14,1,Medium Value
12413,137,2,563.9,194.20000000000002,0,Low Value
12414,118,3,562.4100000000001,0.0,0,Low Value
12415,14,13,99146.16,25768.37,2,High Value
12417,7,7,2816.52,832.58,1,Medium Value
12418,13,1,668.58,0.0,1,Medium Value
12421,15,3,628.5600000000001,178.48000000000002,1,Medium Value
12422,69,2,655.86,147.7,1,Medium Value
12423,1,7,1650.67,208.64000000000001,1,Medium Value
12424,63,2,1760.96,0.0,1,Medium Value
12426,95,1,582.73,0.0,1,Medium Value
12427,272,1,303.5,522.3,0,Low Value
12428,21,8,7548.12,408.34000000000003,1,Medium Value
12429,73,3,2844.88,905.52,1,Medium Value
12431,20,11,4874.57,1612.88,1,Medium Value
12432,71,3,4016.66,1042.66,1,Medium Value
12433,267,2,3787.12,9588.75,0,Low Value
12434,161,1,286.25,519.89,0,Low Value
12435,169,1,3978.9900000000002,3850.9000000000005,0,Low Value
12437,78,9,2476.73,2474.68,1,Medium Value
12438,41,1,890.0699999999999,2016.78,1,Medium Value
12441,267,1,173.55,0.0,0,Low Value
12444,22,2,2627.27,2378.19,1,Medium Value
12447,144,1,476.49,0.0,0,Low Value
12449,30,2,1636.88,2430.41,1,Medium Value
12450,57,2,197.88,0.0,1,Medium Value
12451,119,2,5307.82,3727.7,0,Low Value
12453,35,1,707.09,0.0,1,Medium Value
12455,28,5,2176.36,290.5,1,Medium Value
12456,32,2,2265.4,915.64,1,Medium Value
12457,134,3,1067.25,1295.98,0,Low Value
12458,185,1,441.92,505.48,0,Low Value
12461,55,1,626.88,200.0,1,Medium Value
12462,204,1,762.11,427.48,0,Low Value
12463,76,3,985.7900000000001,358.99,1,Medium Value
12464,7,6,780.55,431.5,1,Medium Value
12465,70,1,440.94,301.25,1,Medium Value
12468,88,2,729.54,0.0,1,Medium Value
12471,8,19,11116.4,8707.65,1,Medium Value
12472,39,5,4927.6,1644.51,1,Medium Value
12473,15,2,1186.25,2752.3,1,Medium Value
12474,38,12,3896.38,3479.41,1,Medium Value
12476,42,6,3191.67,3624.75,1,Medium Value
12477,1,3,8834.03,4385.71,1,Medium Value
12480,44,3,2144.95,1136.6799999999998,1,Medium Value
12481,80,8,4101.76,1494.56,1,Medium Value
12483,84,5,1314.6100000000001,1170.3700000000001,1,Medium Value
12484,1,4,3663.15,878.5699999999999,1,Medium Value
12489,237,1,334.93,0.0,0,Low Value
12490,1,5,2516.77,2901.16,1,Medium Value
12492,6,1,126.39000000000001,136.82,1,Medium Value
12493,66,2,433.74,0.0,1,Medium Value
12494,62,5,868.86,377.24,1,Medium Value
12500,7,6,1773.84,2483.98,1,Medium Value
12501,237,1,2169.39,0.0,0,Low Value
12502,28,4,2631.52,1092.35,1,Medium Value
12506,133,1,73.5,0.0,0,Low Value
12507,35,3,1304.81,0.0,1,Medium Value
12509,185,1,176.5,0.0,0,Low Value
12510,43,2,982.5699999999999,0.0,1,Medium Value
12513,13,1,612.29,0.0,1,Medium Value
12514,168,1,1017.6800000000001,0.0,0,Low Value
12515,254,1,383.7,0.0,0,Low Value
12516,81,1,583.2,728.86,1,Medium Value
12517,27,2,1538.7,964.14,1,Medium Value
12518,11,1,324.83,1732.06,1,Medium Value
12520,43,4,2045.85,588.41,1,Medium Value
12521,43,1,599.68,0.0,1,Medium Value
12523,8,7,1017.75,772.02,1,Medium Value
12524,63,6,3122.48,1363.24,1,Medium Value
12527,195,2,284.92,63.79,0,Low Value
12528,15,4,1287.37,646.11,1,Medium Value
12530,24,3,1221.65,440.63,1,Medium Value
12534,31,1,1089.18,0.0,1,Medium Value
12535,87,1,371.45,344.9,1,Medium Value
12539,163,3,4517.69,1050.66,0,Low Value
12540,9,10,8786.87,4613.37,1,Medium Value
12541,74,2,536.14,445.03999999999996,1,Medium Value
12545,160,1,628.15,372.24,0,Low Value
12547,98,2,207.8,0.0,1,Medium Value
12548,67,1,95.19999999999999,0.0,1,Medium Value
12551,258,1,168.0,0.0,0,Low Value
12553,11,7,2419.59,1272.69,1,Medium Value
12556,52,1,312.9,290.81,1,Medium Value
12557,59,4,9000.960000000001,2990.0,1,Medium Value
12559,211,2,561.71,0.0,0,Low Value
12560,13,2,1436.31,697.7,1,Medium Value
12561,203,1,238.85,0.0,0,Low Value
12562,27,3,1605.23,2176.51,1,Medium Value
12564,162,1,456.90000000000003,0.0,0,Low Value
12565,189,1,145.92000000000002,0.0,0,Low Value
12567,9,8,6958.16,2443.12,1,Medium Value
12569,8,12,1883.02,2241.67,1,Medium Value
12571,22,1,248.35,271.26,1,Medium Value
12573,128,1,160.54000000000002,0.0,0,Low Value
12574,216,1,218.45000000000002,0.0,0,Low Value
12576,50,3,660.85,654.98,1,Medium Value
12577,260,1,195.89,461.91,0,Low Value
12578,231,1,1608.66,1185.85,0,Low Value
12580,147,1,415.7,0.0,0,Low Value
12582,139,2,511.36,0.0,0,Low Value
12583,7,9,4232.21,3049.17,1,Medium Value
12584,28,4,782.59,1555.56,1,Medium Value
12585,135,2,2040.1,0.0,0,Low Value
12589,45,1,131.5,515.18,1,Medium Value
12590,112,2,9864.26,0.0,1,Medium Value
12591,218,1,452.84999999999997,0.0,0,Low Value
12592,114,1,231.8,205.8,0,Low Value
12593,9,3,418.1,0.0,1,Medium Value
12594,22,8,2529.9,808.32,1,Medium Value
12596,143,1,269.95,348.32,0,Low Value
12597,84,2,1428.81,2382.41,1,Medium Value
12598,62,4,1584.38,1438.7,1,Medium Value
12599,27,6,857.04,175.54000000000002,1,Medium Value
12600,13,8,1936.56,662.48,1,Medium Value
12601,90,5,577.0600000000001,0.0,1,Medium Value
12604,162,1,178.5,75.67999999999999,0,Low Value
12609,87,2,800.73,326.12,1,Medium Value
12610,7,2,1256.25,843.29,1,Medium Value
12613,98,4,1462.52,1881.8600000000001,1,Medium Value
12614,178,1,315.6,0.0,0,Low Value
12615,69,1,634.74,1656.45,1,Medium Value
12616,198,1,255.60000000000002,457.7,0,Low Value
12619,17,5,2087.46,1553.78,1,Medium Value
12620,105,1,561.66,777.75,1,Medium Value
12621,1,15,10195.04,3494.63,1,Medium Value
12622,133,1,180.1,0.0,0,Low Value
12623,177,1,305.1,0.0,0,Low Value
12624,7,2,641.13,0.0,1,Medium Value
12625,112,2,2683.82,0.0,1,Medium Value
12626,13,6,4774.0,1846.48,1,Medium Value
12627,9,4,1908.57,2569.96,1,Medium Value
12633,30,3,1948.75,215.23000000000002,1,Medium Value
12635,55,1,683.64,1005.54,1,Medium Value
12637,58,5,3054.1,2967.8,1,Medium Value
12639,139,1,486.1,0.0,0,Low Value
12641,16,1,185.9,0.0,1,Medium Value
12642,8,1,366.45,646.81,1,Medium Value
12643,29,6,3344.64,0.0,1,Medium Value
12644,30,1,477.90999999999997,0.0,1,Medium Value
12645,10,3,1310.8600000000001,464.32,1,Medium Value
12647,27,9,2886.71,836.11,1,Medium Value
12648,55,1,318.05,0.0,1,Medium Value
12649,8,3,623.51,0.0,1,Medium Value
12651,235,1,114.0,0.0,0,Low Value
12652,232,1,919.98,0.0,0,Low Value
12653,49,2,2209.85,0.0,1,Medium Value
12654,98,3,337.75,264.23,1,Medium Value
12656,17,3,2820.67,1230.5,1,Medium Value
12662,8,7,2653.66,1196.1200000000001,1,Medium Value
12664,44,3,1957.48,2924.4,1,Medium Value
12665,225,1,63.0,0.0,0,Low Value
12668,160,3,2924.4700000000003,882.6800000000001,0,Low Value
12669,51,3,2744.0299999999997,0.0,1,Medium Value
12670,100,2,1026.39,1969.66,1,Medium Value
12672,230,1,225.9,0.0,0,Low Value
12673,227,1,220.9,389.62,0,Low Value
12674,71,2,976.8,993.8000000000001,1,Medium Value
12676,24,4,998.05,333.34000000000003,1,Medium Value
12678,1,9,8282.26,9346.2,1,Medium Value
12679,106,2,906.38,206.64000000000001,1,Medium Value
12680,14,1,311.78,551.03,1,Medium Value
12681,52,15,9866.58,3920.96,1,Medium Value
12682,1,20,8219.92,4068.3,1,Medium Value
12683,6,11,6217.88,2258.69,1,Medium Value
12684,71,4,1379.48,904.15,1,Medium Value
12686,272,1,89.14,0.0,0,Low Value
12688,14,1,4873.81,0.0,1,Medium Value
12689,28,1,511.03000000000003,736.58,1,Medium Value
12690,106,1,389.01,0.0,1,Medium Value
12691,46,4,556.3,479.5,1,Medium Value
12693,28,4,855.91,0.0,1,Medium Value
12694,84,1,439.5,430.17,1,Medium Value
12695,8,2,333.9,248.2,1,Medium Value
12697,32,2,733.91,223.68,1,Medium Value
12700,57,2,2149.05,2790.94,1,Medium Value
12701,143,1,337.08000000000004,460.63,0,Low Value
12704,6,3,1100.92,1239.92,1,Medium Value
12705,59,4,4162.52,2705.77,1,Medium Value
12707,192,1,603.42,0.0,0,Low Value
12708,3,7,2031.77,681.14,1,Medium Value
12709,36,10,6469.11,3267.41,1,Medium Value
12710,62,2,790.36,358.65999999999997,1,Medium Value
12712,7,11,3913.08,483.05,1,Medium Value
12714,7,4,3389.7,1319.16,1,Medium Value
12715,7,1,353.86,0.0,1,Medium Value
12716,34,1,677.9,375.59000000000003,1,Medium Value
12717,52,2,1030.98,0.0,1,Medium Value
12720,25,15,3314.5,2467.23,1,Medium Value
12721,84,4,1698.91,957.22,1,Medium Value
12722,15,3,929.65,67.98,1,Medium Value
12724,74,2,280.36,751.05,1,Medium Value
12725,272,1,427.8,0.0,0,Low Value
12726,85,5,1467.32,1141.78,1,Medium Value
12727,88,5,2800.4,1180.3,1,Medium Value
12728,158,3,617.31,219.02,0,Low Value
12729,14,1,453.01,0.0,1,Medium Value
12731,45,8,11324.25,7571.66,1,Medium Value
12732,80,1,236.26000000000002,0.0,1,Medium Value
12733,135,1,383.95,0.0,0,Low Value
12734,253,1,110.39999999999999,0.0,0,Low Value
12735,216,2,779.5699999999999,0.0,0,Low Value
12736,234,1,234.0,0.0,0,Low Value
12738,273,1,155.35,0.0,0,Low Value
12743,35,2,546.43,0.0,1,Medium Value
12744,45,5,14211.970000000001,7067.32,1,Medium Value
12747,10,8,2769.4,1426.6100000000001,1,Medium Value
12748,2,127,13568.55,20151.18,2,High Value
12749,31,3,2755.23,1335.65,1,Medium Value
12750,29,1,275.88,0.0,1,Medium Value
12753,36,5,16620.91,4808.48,1,Medium Value
12754,136,3,3010.74,0.0,0,Low Value
12755,181,2,3811.9500000000003,0.0,0,Low Value
12757,43,7,5281.08,2576.02,1,Medium Value
12758,17,2,2791.59,0.0,1,Medium Value
12759,72,2,1082.52,448.92,1,Medium Value
12763,39,2,494.08,0.0,1,Medium Value
12764,217,1,1693.88,0.0,0,Low Value
12766,50,5,4952.1900000000005,2037.44,1,Medium Value
12769,139,1,1143.6,0.0,0,Low Value
12770,111,1,1351.45,0.0,0,Low Value
12775,91,4,1164.68,221.36,1,Medium Value
12778,84,4,492.06,330.17,1,Medium Value
12779,90,7,2999.41,981.95,1,Medium Value
12781,185,1,549.26,277.48,0,Low Value
12782,50,4,2078.67,252.25,1,Medium Value
12785,265,1,311.95,0.0,0,Low Value
12787,93,1,158.1,305.56,1,Medium Value
12790,93,1,324.92,0.0,1,Medium Value
12791,274,1,192.60000000000002,0.0,0,Low Value
12792,157,1,400.54,0.0,0,Low Value
12793,235,2,545.48,0.0,0,Low Value
12797,266,1,254.03,0.0,0,Low Value
12798,71,1,1607.04,5370.0,1,Medium Value
12802,87,1,427.58,0.0,1,Medium Value
12808,85,2,281.35,202.3,1,Medium Value
12809,78,1,489.31,0.0,1,Medium Value
12811,161,3,514.85,0.0,0,Low Value
12814,2,1,125.92,0.0,1,Medium Value
12815,48,2,1063.46,0.0,1,Medium Value
12816,77,1,318.65000000000003,253.55,1,Medium Value
12817,182,1,166.04000000000002,0.0,0,Low Value
12818,162,1,1542.08,0.0,0,Low Value
12820,227,1,170.46,771.88,0,Low Value
12821,115,1,92.72,0.0,0,Low Value
12823,28,4,1224.0,535.5,1,Medium Value
12826,79,4,818.62,656.1,1,Medium Value
12828,13,2,338.2,680.51,1,Medium Value
12829,237,2,293.0,0.0,0,Low Value
12830,35,4,5204.0,1610.64,1,Medium Value
12831,163,1,215.05,0.0,0,Low Value
12833,46,1,417.38,0.0,1,Medium Value
12834,183,1,312.38,0.0,0,Low Value
12836,38,3,2112.53,500.33000000000004,1,Medium Value
12837,74,1,134.1,0.0,1,Medium Value
12838,274,1,390.79,292.34000000000003,0,Low Value
12839,14,8,2683.81,2907.61,1,Medium Value
12840,44,4,2726.77,0.0,1,Medium Value
12841,7,17,2851.44,1170.91,1,Medium Value
12842,209,1,310.73,808.26,0,Low Value
12843,60,7,1692.31,9.95,1,Medium Value
12844,31,1,174.88,151.08,1,Medium Value
12845,168,4,354.09000000000003,0.0,0,Low Value
12849,169,1,704.5,346.39,0,Low Value
12852,195,1,311.55,0.0,0,Low Value
12853,35,6,1957.1000000000001,0.0,1,Medium Value
12854,142,2,810.37,514.13,0,Low Value
12855,273,1,38.1,0.0,0,Low Value
12857,111,2,1106.4,0.0,1,Medium Value
12864,39,1,147.12,0.0,1,Medium Value
12865,24,1,981.38,586.85,1,Medium Value
12866,184,1,559.12,0.0,0,Low Value
12867,66,5,2352.45,1684.37,1,Medium Value
12868,86,6,1607.0600000000002,0.0,1,Medium Value
12871,108,1,132.0,248.64,1,Medium Value
12872,227,2,599.97,0.0,0,Low Value
12873,183,1,374.0,0.0,0,Low Value
12875,44,2,343.2300000000001,0.0,1,Medium Value
12876,97,1,726.43,1491.5900000000001,1,Medium Value
12877,25,9,1059.23,476.54,1,Medium Value
12878,137,2,854.99,0.0,0,Low Value
12881,176,1,298.0,0.0,0,Low Value
12885,24,1,645.35,529.87,1,Medium Value
12886,120,1,775.0,603.4,0,Low Value
12888,115,2,354.12,0.0,0,Low Value
12891,86,3,331.0,0.0,1,Medium Value
12897,105,2,216.5,0.0,1,Medium Value
12901,9,19,11639.470000000001,6015.07,1,Medium Value
12902,165,1,138.68,0.0,0,Low Value
12904,73,1,244.69,264.89,1,Medium Value
12908,77,2,750.0,0.0,1,Medium Value
12909,102,3,1528.37,650.3000000000001,1,Medium Value
12910,35,4,1486.9,1588.14,1,Medium Value
12913,183,3,866.39,1617.24,0,Low Value
12915,49,2,363.65,0.0,1,Medium Value
12916,39,4,3006.15,0.0,1,Medium Value
12917,29,1,594.0,0.0,1,Medium Value
12919,17,3,441.65,893.54,1,Medium Value
12921,31,22,8924.55,7662.54,1,Medium Value
12922,62,1,405.38,0.0,1,Medium Value
12924,99,3,655.27,278.43,1,Medium Value
12928,49,3,1136.14,926.56,1,Medium Value
12929,212,1,117.85,0.0,0,Low Value
12930,72,1,221.56,194.24,1,Medium Value
12931,2,11,32530.7,9525.26,1,Medium Value
12933,72,2,357.49,250.04,1,Medium Value
12935,10,4,1535.34,625.36,1,Medium Value
12937,98,2,428.23,1076.04,1,Medium Value
12939,39,4,7990.08,3591.72,1,Medium Value
12942,32,3,683.9,0.0,1,Medium Value
12944,255,1,286.95,317.56,0,Low Value
12945,189,1,462.95,0.0,0,Low Value
12947,44,6,1603.99,0.0,1,Medium Value
12948,6,4,1423.96,640.99,1,Medium Value
12949,15,7,3449.42,717.8000000000001,1,Medium Value
12951,74,5,751.78,312.29,1,Medium Value
12955,44,5,1346.92,3410.2400000000002,1,Medium Value
12956,207,1,108.07,0.0,0,Low Value
12957,87,4,1715.29,2302.25,1,Medium Value
12962,14,1,170.54,95.85000000000001,1,Medium Value
12963,266,1,365.8,1490.83,0,Low Value
12967,259,2,1660.9,0.0,0,Low Value
12968,13,1,135.95,0.0,1,Medium Value
12970,223,2,23.8,428.44,0,Low Value
12971,8,61,7854.76,3335.15,2,High Value
12974,98,1,144.8,0.0,1,Medium Value
12976,112,1,738.6,0.0,0,Low Value
12977,57,1,39.239999999999995,0.0,1,Medium Value
12980,58,9,7374.900000000001,0.0,1,Medium Value
12981,34,1,187.18,185.04,1,Medium Value
12982,143,1,390.54,0.0,0,Low Value
12987,98,1,304.3,254.4,1,Medium Value
12988,193,1,535.32,0.0,0,Low Value
12989,58,8,4469.14,2454.97,1,Medium Value
12990,86,2,263.9,145.6,1,Medium Value
12991,13,1,303.56,200.2,1,Medium Value
12993,21,3,372.4,42.36000000000001,1,Medium Value
12994,21,2,645.47,328.95,1,Medium Value
12997,137,2,608.47,618.42,0,Low Value
12999,97,3,455.88,0.0,1,Medium Value
13000,7,3,534.85,0.0,1,Medium Value
13001,59,11,8615.42,1203.3999999999999,1,Medium Value
13002,219,1,120.95,0.0,0,Low Value
13003,6,3,149.05,0.0,1,Medium Value
13004,15,12,3785.09,1870.82,1,Medium Value
13005,74,2,513.7,0.0,1,Medium Value
13008,224,1,229.47,0.0,0,Low Value
13011,273,1,50.550000000000004,0.0,0,Low Value
13012,49,4,1012.3100000000001,649.53,1,Medium Value
13013,8,8,3382.79,1428.15,1,Medium Value
13014,14,5,2022.48,1443.8,1,Medium Value
13015,98,4,1763.04,1583.24,1,Medium Value
13016,24,1,425.25,364.64,1,Medium Value
13018,23,17,4788.85,2488.85,1,Medium Value
13021,67,4,1152.47,1463.91,1,Medium Value
13023,30,1,336.4,353.5,1,Medium Value
13026,121,2,243.72000000000003,731.64,0,Low Value
13027,14,6,6912.0,0.0,1,Medium Value
13029,39,2,773.1999999999999,474.3,1,Medium Value
13030,269,1,427.74,371.74,0,Low Value
13033,258,1,190.55,0.0,0,Low Value
13034,270,1,165.86,476.91,0,Low Value
13035,161,1,333.0,588.88,0,Low Value
13037,39,3,881.07,0.0,1,Medium Value
13038,84,2,591.76,316.70000000000005,1,Medium Value
13043,174,1,516.42,0.0,0,Low Value
13044,192,1,560.47,0.0,0,Low Value
13046,167,1,197.72,431.59,0,Low Value
13047,28,8,2682.01,555.53,1,Medium Value
13048,14,3,1375.05,460.86,1,Medium Value
13049,219,1,153.78000000000003,502.90000000000003,0,Low Value
13050,7,13,4509.74,1327.1200000000001,1,Medium Value
13052,113,1,348.15000000000003,0.0,0,Low Value
13055,114,1,344.86,869.55,0,Low Value
13058,52,1,47.550000000000004,223.85,1,Medium Value
13059,150,1,183.4,0.0,0,Low Value
13060,154,1,307.53000000000003,0.0,0,Low Value
13062,92,1,346.98,0.0,1,Medium Value
13064,53,2,659.25,460.24,1,Medium Value
13065,274,1,205.86,0.0,0,Low Value
13068,221,1,165.0,179.0,0,Low Value
13069,20,19,3397.94,1038.18,1,Medium Value
13070,93,1,228.8,0.0,1,Medium Value
13072,168,1,177.15,0.0,0,Low Value
13075,30,1,919.61,0.0,1,Medium Value
13077,191,3,577.44,151.83,0,Low Value
13078,7,15,6917.150000000001,5710.79,1,Medium Value
13079,41,1,23.8,196.3,1,Medium Value
13080,80,1,58.08,0.0,1,Medium Value
13081,44,8,18870.12,9467.26,1,Medium Value
13082,27,9,3613.63,0.0,1,Medium Value
13085,58,2,416.08,0.0,1,Medium Value
13089,1,69,39010.65,19815.18,2,High Value
13090,37,9,4912.02,3998.8,1,Medium Value
13092,112,4,439.75,38.08,1,Medium Value
13093,176,8,7832.47,0.0,0,Low Value
13094,30,10,1545.72,381.6,1,Medium Value
13097,23,8,4643.71,1366.71,1,Medium Value
13098,14,17,14468.08,14414.36,1,Medium Value
13101,135,1,101.19,0.0,0,Low Value
13102,34,19,4961.7,1462.39,1,Medium Value
13104,34,3,376.44,722.04,1,Medium Value
13106,34,1,76.5,0.0,1,Medium Value
13107,76,2,935.22,596.4,1,Medium Value
13108,273,1,350.06,0.0,0,Low Value
13109,58,1,369.85,416.69,1,Medium Value
13110,38,5,1042.24,446.43,1,Medium Value
13113,14,20,10787.06,1458.9,1,Medium Value
13115,85,1,878.55,1416.23,1,Medium Value
13116,39,1,501.14,0.0,1,Medium Value
13117,22,7,841.77,143.14,1,Medium Value
13118,109,3,799.7,398.11,1,Medium Value
13120,139,1,30.6,0.0,0,Low Value
13121,170,1,283.73,0.0,0,Low Value
13122,141,1,903.6700000000001,18.72,0,Low Value
13124,153,2,2574.12,1292.21,0,Low Value
13126,154,5,1077.42,1022.22,0,Low Value
13131,88,1,324.90000000000003,748.4,1,Medium Value
13132,162,1,77.3,0.0,0,Low Value
13133,174,2,109.8,0.0,0,Low Value
13134,84,3,885.74,907.84,1,Medium Value
13135,97,1,3096.0,0.0,1,Medium Value
13136,43,3,1226.68,1380.93,1,Medium Value
13137,4,4,1457.75,2192.66,1,Medium Value
13138,34,3,489.45,472.94,1,Medium Value
13139,10,3,1710.94,3354.0,1,Medium Value
13140,9,3,423.72,0.0,1,Medium Value
13141,115,4,1401.03,987.72,1,Medium Value
13144,233,1,110.95,0.0,0,Low Value
13145,28,2,413.8,204.72,1,Medium Value
13148,34,10,2789.87,917.25,1,Medium Value
13149,7,3,1132.6200000000001,543.44,1,Medium Value
13151,196,1,1257.8700000000001,0.0,0,Low Value
13155,227,2,569.2,402.56,0,Low Value
13157,42,3,873.2,868.02,1,Medium Value
13158,20,3,868.1700000000001,332.89,1,Medium Value
13159,7,2,851.59,586.26,1,Medium Value
13161,214,1,112.75,0.0,0,Low Value
13162,23,4,1688.29,0.0,1,Medium Value
13165,252,1,354.64,666.8399999999999,0,Low Value
13166,184,1,417.2,0.0,0,Low Value
13167,31,2,417.55,373.78,1,Medium Value
13168,100,3,972.66,346.53000000000003,1,Medium Value
13169,153,1,505.2,207.68,0,Low Value
13171,200,1,140.35,328.06,0,Low Value
13173,268,1,165.94,187.71,0,Low Value
13174,217,2,2108.27,708.76,0,Low Value
13178,34,8,4391.7300000000005,1333.74,1,Medium Value
13183,2,6,2394.98,1562.8000000000002,1,Medium Value
13184,31,9,1504.44,196.85,1,Medium Value
13185,168,1,71.4,0.0,0,Low Value
13186,29,1,988.34,587.5500000000001,1,Medium Value
13187,238,1,236.02,0.0,0,Low Value
13189,16,1,127.0,133.68,1,Medium Value
13192,106,1,464.32,447.62,1,Medium Value
13194,36,1,60.7,0.0,1,Medium Value
13196,163,1,512.13,1285.65,0,Low Value
13198,21,5,3009.18,392.06,1,Medium Value
13199,4,21,4553.84,5263.28,1,Medium Value
13200,27,1,319.32,550.77,1,Medium Value
13203,21,2,309.86,559.6,1,Medium Value
13207,51,1,197.52000000000004,52.74,1,Medium Value
13208,56,4,835.07,388.83,1,Medium Value
13209,29,5,4156.08,1735.53,1,Medium Value
13211,262,1,110.7,1086.72,0,Low Value
13213,29,4,963.88,556.7,1,Medium Value
13216,168,1,333.74,0.0,0,Low Value
13217,23,3,533.98,0.0,1,Medium Value
13218,28,1,62.64,0.0,1,Medium Value
13220,86,3,726.49,92.8,1,Medium Value
13221,141,2,847.41,0.0,0,Low Value
13223,101,2,163.2,0.0,1,Medium Value
13224,52,1,1212.26,943.69,1,Medium Value
13225,44,5,4299.56,2164.28,1,Medium Value
13226,174,1,108.21000000000001,0.0,0,Low Value
13227,102,1,257.7,0.0,1,Medium Value
13229,126,1,160.95,0.0,0,Low Value
13230,39,12,2234.18,572.79,1,Medium Value
13232,81,4,878.45,479.15,1,Medium Value
13233,237,1,304.24,300.88,0,Low Value
13235,113,1,1031.07,0.0,0,Low Value
13236,7,1,439.23,305.62,1,Medium Value
13238,64,2,318.85,381.88,1,Medium Value
13239,162,1,329.56,0.0,0,Low Value
13240,74,3,553.61,110.04,1,Medium Value
13242,13,3,270.40000000000003,0.0,1,Medium Value
13243,104,1,600.07,0.0,1,Medium Value
13246,77,5,1860.99,126.31,1,Medium Value
13248,25,2,465.68,0.0,1,Medium Value
13249,162,1,291.84,419.57,0,Low Value
13253,57,2,1030.4,0.0,1,Medium Value
13255,274,1,225.7,173.81,0,Low Value
13258,106,1,224.62,473.96,1,Medium Value
13261,169,2,944.1,0.0,0,Low Value
13262,164,1,200.29,0.0,0,Low Value
13263,9,23,4870.68,2583.39,1,Medium Value
13265,84,3,1465.66,642.0,1,Medium Value
13266,13,8,2535.58,1298.68,1,Medium Value
13267,11,14,2800.94,1720.55,1,Medium Value
13268,70,6,2150.25,1064.44,1,Medium Value
13269,10,8,2981.45,2364.78,1,Medium Value
13270,267,1,590.0,0.0,0,Low Value
13273,14,1,138.98,0.0,1,Medium Value
13277,17,2,125.9,132.5,1,Medium Value
13280,23,3,814.86,0.0,1,Medium Value
13282,63,2,773.1,359.04,1,Medium Value
13283,86,1,25.5,68.16,1,Medium Value
13284,231,1,201.19,0.0,0,Low Value
13285,62,3,1970.1,739.02,1,Medium Value
13291,56,1,361.11,0.0,1,Medium Value
13292,185,1,249.57,329.37,0,Low Value
13294,90,2,873.74,0.0,1,Medium Value
13295,260,1,201.20000000000002,0.0,0,Low Value
13296,38,1,87.4,0.0,1,Medium Value
13299,169,1,142.5,0.0,0,Low Value
13300,70,1,371.89,0.0,1,Medium Value
13301,4,4,618.09,0.0,1,Medium Value
13302,56,1,63.75,0.0,1,Medium Value
13304,252,1,300.42,0.0,0,Low Value
13305,16,6,1085.75,915.11,1,Medium Value
13307,21,1,15.0,0.0,1,Medium Value
13308,104,1,814.95,570.5600000000001,1,Medium Value
13309,107,2,546.64,910.15,1,Medium Value
13310,107,2,817.65,314.38,1,Medium Value
13311,51,1,490.11,108.46000000000001,1,Medium Value
13313,42,3,918.34,636.98,1,Medium Value
13316,32,2,3779.98,2197.75,1,Medium Value
13317,99,5,1313.98,959.7,1,Medium Value
13319,14,18,6897.070000000001,3948.48,1,Medium Value
13320,7,3,981.15,567.55,1,Medium Value
13324,104,7,3798.99,3322.96,1,Medium Value
13327,13,7,2738.75,889.02,1,Medium Value
13328,217,1,1308.48,0.0,0,Low Value
13329,267,1,304.2,484.79999999999995,0,Low Value
13330,86,2,728.22,412.71,1,Medium Value
13334,91,2,2731.84,804.98,1,Medium Value
13338,58,1,487.02,0.0,1,Medium Value
13339,101,1,860.12,0.0,1,Medium Value
13340,6,5,9229.54,1506.94,1,Medium Value
13341,161,1,775.85,0.0,0,Low Value
13343,78,1,353.43,0.0,1,Medium Value
13344,178,1,1656.15,887.57,0,Low Value
13345,188,1,389.5,0.0,0,Low Value
13355,23,1,674.7,0.0,1,Medium Value
13357,158,1,609.95,0.0,0,Low Value
13358,169,1,439.03000000000003,0.0,0,Low Value
13362,147,2,1581.53,1509.21,0,Low Value
13365,118,1,700.6,1524.77,0,Low Value
13368,157,2,623.4,0.0,0,Low Value
13369,266,1,308.28000000000003,0.0,0,Low Value
13370,272,1,754.87,0.0,0,Low Value
13373,59,2,2055.58,1256.67,1,Medium Value
13376,104,2,770.0,249.76,1,Medium Value
13379,37,1,136.29,436.27,1,Medium Value
13381,14,4,2461.33,1177.98,1,Medium Value
13382,181,1,222.99,0.0,0,Low Value
13384,29,2,1755.84,2396.09,1,Medium Value
13385,230,1,534.57,0.0,0,Low Value
13388,32,2,677.1,0.0,1,Medium Value
13389,133,1,257.89,540.07,0,Low Value
13391,104,1,59.8,0.0,1,Medium Value
13394,16,5,1543.45,976.57,1,Medium Value
13395,86,1,307.72,0.0,1,Medium Value
13396,220,1,387.27000000000004,973.72,0,Low Value
13397,11,4,1228.19,315.94,1,Medium Value
13398,93,1,457.34000000000003,0.0,1,Medium Value
13402,28,2,621.23,0.0,1,Medium Value
13404,113,1,217.81,34.68,0,Low Value
13405,105,2,557.45,15.001,1,Medium Value
13408,7,40,17408.08,10708.960000000001,2,High Value
13410,88,3,545.04,458.02,1,Medium Value
13411,8,1,213.55,0.0,1,Medium Value
13414,34,3,1390.5,0.0,1,Medium Value
13417,106,1,236.0,404.83,1,Medium Value
13418,25,14,4342.13,1785.3,1,Medium Value
13420,50,2,159.85,0.0,1,Medium Value
13421,191,1,825.04,1026.04,0,Low Value
13425,9,3,1624.21,0.0,1,Medium Value
13426,83,5,1558.68,2082.64,1,Medium Value
13427,21,2,464.86,117.74000000000001,1,Medium Value
13435,11,3,1088.12,2721.77,1,Medium Value
13437,30,3,2024.25,1383.81,1,Medium Value
13439,156,1,283.71,0.0,0,Low Value
13448,119,4,1423.26,2116.11,1,Medium Value
13450,25,4,1421.46,622.26,1,Medium Value
13451,27,4,2463.39,512.76,1,Medium Value
13452,160,2,590.0,0.0,0,Low Value
13453,66,2,356.98,0.0,1,Medium Value
13455,267,1,692.94,365.4,0,Low Value
13456,56,3,855.0600000000001,911.6600000000001,1,Medium Value
13458,36,9,7355.4400000000005,2291.13,1,Medium Value
13461,39,2,884.2,560.8,1,Medium Value
13462,153,1,151.5,0.0,0,Low Value
13466,85,1,307.90000000000003,0.0,1,Medium Value
13468,8,27,4255.53,1449.44,1,Medium Value
13470,16,1,115.5,49.5,1,Medium Value
13473,233,1,241.26,181.38,0,Low Value
13474,137,1,229.59,0.0,0,Low Value
13475,92,4,1431.78,0.0,1,Medium Value
13476,79,2,1238.47,0.0,1,Medium Value
13477,39,4,899.55,555.03,1,Medium Value
13479,101,2,300.95,0.0,1,Medium Value
13481,9,4,1361.33,443.23,1,Medium Value
13482,133,1,184.64000000000001,0.0,0,Low Value
13484,142,1,313.8,0.0,0,Low Value
13485,134,1,454.24,0.0,0,Low Value
13486,29,2,819.61,302.8,1,Medium Value
13487,114,2,408.8,166.6,0,Low Value
13488,21,9,6596.38,2371.93,1,Medium Value
13489,6,4,449.52,0.0,1,Medium Value
13491,48,9,1088.45,127.37,1,Medium Value
13492,37,3,1269.84,0.0,1,Medium Value
13493,176,2,618.63,0.0,0,Low Value
13494,212,1,316.26000000000005,0.0,0,Low Value
13495,133,3,1072.43,972.44,0,Low Value
13496,260,1,501.01,152.32,0,Low Value
13497,183,2,348.05,0.0,0,Low Value
13499,126,2,463.79,695.3199999999999,0,Low Value
13500,23,1,326.40000000000003,840.37,1,Medium Value
13501,189,1,1340.32,0.0,0,Low Value
13502,175,2,189.16000000000003,102.83999999999999,0,Low Value
13505,67,3,2583.12,1810.51,1,Medium Value
13506,217,2,458.52,0.0,0,Low Value
13507,8,2,1636.47,842.69,1,Medium Value
13508,144,1,110.97,0.0,0,Low Value
13509,1,5,705.02,274.7,1,Medium Value
13510,84,1,585.32,1206.24,1,Medium Value
13512,161,1,251.21,0.0,0,Low Value
13513,27,1,205.1,0.0,1,Medium Value
13515,18,3,523.96,367.16,1,Medium Value
13516,139,1,146.0,1243.41,0,Low Value
13517,7,2,1612.18,516.24,1,Medium Value
13520,38,5,2947.98,676.37,1,Medium Value
13523,100,3,2369.24,1595.64,1,Medium Value
13524,2,3,408.86,271.32,1,Medium Value
13525,149,1,282.88,345.9,0,Low Value
13527,6,4,1366.42,921.09,1,Medium Value
13529,105,1,181.1,126.66000000000001,1,Medium Value
13531,106,2,483.8,0.0,1,Medium Value
13533,83,3,270.79,0.0,1,Medium Value
13534,8,21,4371.53,1498.55,1,Medium Value
13538,21,5,891.75,389.1,1,Medium Value
13539,141,2,315.65,315.69,0,Low Value
13544,141,1,122.91,168.5,0,Low Value
13546,101,1,188.16,438.83,1,Medium Value
13548,144,1,281.01,401.4,0,Low Value
13549,43,5,762.0500000000001,156.15,1,Medium Value
13551,220,1,91.80000000000001,0.0,0,Low Value
13552,24,9,2762.91,977.1600000000001,1,Medium Value
13555,102,2,1590.05,2559.23,1,Medium Value
13557,181,1,240.68,343.38,0,Low Value
13561,116,1,141.85999999999999,0.0,0,Low Value
13562,42,2,1209.73,589.6,1,Medium Value
13563,41,1,310.88,466.65,1,Medium Value
13564,45,3,1749.02,0.0,1,Medium Value
13565,235,1,110.17999999999999,130.04,0,Low Value
13568,74,1,192.85,0.0,1,Medium Value
13569,268,1,118.32,255.43,0,Low Value
13570,144,1,239.49,0.0,0,Low Value
13571,28,6,801.15,1291.17,1,Medium Value
13572,106,1,1384.25,0.0,1,Medium Value
13573,154,1,31.770000000000003,262.63,0,Low Value
13575,34,2,218.75,513.32,1,Medium Value
13576,14,12,4517.21,2200.13,1,Medium Value
13577,49,2,822.1,865.5,1,Medium Value
13579,270,1,164.7,302.34000000000003,0,Low Value
13581,210,1,118.0,0.0,0,Low Value
13583,56,1,781.03,0.0,1,Medium Value
13584,207,1,142.4,0.0,0,Low Value
13588,21,3,1075.62,1403.33,1,Medium Value
13589,80,1,147.0,232.65,1,Medium Value
13590,51,4,1116.38,865.54,1,Medium Value
13591,105,2,776.23,340.9,1,Medium Value
13592,106,3,205.51,42.45,1,Medium Value
13593,9,5,2037.0800000000002,0.0,1,Medium Value
13599,57,8,2313.84,2839.83,1,Medium Value
13600,213,1,219.52,0.0,0,Low Value
13601,112,1,373.2,320.12,0,Low Value
13606,144,2,250.42,30.119999999999997,0,Low Value
13610,11,5,776.21,355.67,1,Medium Value
13611,71,2,636.72,535.08,1,Medium Value
13614,65,2,794.98,815.48,1,Medium Value
13615,220,1,417.69,0.0,0,Low Value
13617,14,2,365.7,178.48,1,Medium Value
13618,74,1,177.34,0.0,1,Medium Value
13621,18,1,213.85,0.0,1,Medium Value
13623,111,4,551.92,195.86,1,Medium Value
13626,153,1,257.23,0.0,0,Low Value
13627,77,3,1027.0,611.47,1,Medium Value
13629,37,7,4897.36,2895.0,1,Medium Value
13630,6,5,1361.46,670.3199999999999,1,Medium Value
13631,44,10,3017.92,52.5,1,Medium Value
13632,74,3,814.6,1306.67,1,Medium Value
13634,7,3,783.77,791.39,1,Medium Value
13636,23,4,646.55,302.57,1,Medium Value
13637,88,2,684.85,125.65,1,Medium Value
13642,116,1,354.8,0.0,0,Low Value
13643,86,1,87.9,431.54,1,Medium Value
13644,6,1,851.09,1773.17,1,Medium Value
13645,21,1,252.1,0.0,1,Medium Value
13647,76,2,803.86,874.26,1,Medium Value
13649,157,2,346.6,0.0,0,Low Value
13650,108,2,745.5200000000001,1090.82,1,Medium Value
13652,157,2,638.24,456.84000000000003,0,Low Value
13654,46,4,1714.27,993.0600000000001,1,Medium Value
13655,15,2,932.97,0.0,1,Medium Value
13656,65,2,379.65,0.0,1,Medium Value
13657,102,1,152.34,229.8,1,Medium Value
13658,105,1,933.3,1705.87,1,Medium Value
13659,106,2,1573.2,0.0,1,Medium Value
13662,113,2,532.94,364.82,0,Low Value
13663,80,1,189.47,0.0,1,Medium Value
13666,188,2,64.05,20.6,0,Low Value
13667,50,1,305.02,0.0,1,Medium Value
13668,14,16,4934.87,1428.72,1,Medium Value
13669,50,1,48.150000000000006,170.39999999999998,1,Medium Value
13672,202,2,186.39000000000001,0.0,0,Low Value
13675,52,2,486.82000000000005,0.0,1,Medium Value
13678,52,1,232.6,0.0,1,Medium Value
13680,238,2,2391.59,1330.83,0,Low Value
13681,56,1,203.46,624.37,1,Medium Value
13682,88,1,59.5,0.0,1,Medium Value
13684,186,1,67.23,0.0,0,Low Value
13686,83,1,72.0,0.0,1,Medium Value
13692,114,2,871.58,616.74,0,Low Value
13694,8,39,45911.64,19127.98,2,High Value
13695,20,11,1385.53,1118.6,1,Medium Value
13699,56,1,308.58000000000004,0.0,1,Medium Value
13700,77,6,1245.8,1019.32,1,Medium Value
13703,219,1,99.5,0.0,0,Low Value
13705,45,2,522.68,189.18,1,Medium Value
13706,203,1,330.79,0.0,0,Low Value
13707,168,2,806.41,0.0,0,Low Value
13708,172,1,296.88,0.0,0,Low Value
13709,2,5,2939.21,3388.84,1,Medium Value
13711,119,2,252.06,0.0,0,Low Value
13712,147,1,228.84,0.0,0,Low Value
13715,182,5,1079.34,0.0,0,Low Value
13716,170,1,138.28,0.0,0,Low Value
13717,30,4,955.99,489.02,1,Medium Value
13718,147,2,306.55,0.0,0,Low Value
13719,106,2,338.74,702.9399999999999,1,Medium Value
13720,17,4,799.9,0.0,1,Medium Value
13722,32,3,2375.41,0.0,1,Medium Value
13723,118,1,199.85000000000002,0.0,0,Low Value
13725,70,7,1865.7,114.86,1,Medium Value
13726,1,1,292.68,786.98,1,Medium Value
13728,8,5,797.02,219.12,1,Medium Value
13730,36,2,752.6,0.0,1,Medium Value
13731,120,2,610.59,0.0,0,Low Value
13735,76,2,1409.69,1475.55,1,Medium Value
13736,161,1,357.53,374.37,0,Low Value
13737,101,1,339.6,0.0,1,Medium Value
13740,141,1,350.75,0.0,0,Low Value
13741,85,2,363.13,305.3,1,Medium Value
13742,63,10,2648.7200000000003,482.3,1,Medium Value
13743,8,5,912.12,429.48,1,Medium Value
13744,193,1,893.16,263.2,0,Low Value
13745,63,1,300.04,0.0,1,Medium Value
13747,274,1,79.6,0.0,0,Low Value
13748,133,3,580.85,367.4,0,Low Value
13750,41,4,1316.63,330.63,1,Medium Value
13751,189,1,296.25,0.0,0,Low Value
13752,25,6,1186.28,0.0,1,Medium Value
13753,188,1,741.26,0.0,0,Low Value
13754,52,2,282.6,0.0,1,Medium Value
13756,30,7,2558.34,2631.1800000000003,1,Medium Value
13758,102,5,2351.52,839.03,1,Medium Value
13760,157,1,135.09,151.70000000000002,0,Low Value
13761,80,1,491.71,578.94,1,Medium Value
13762,119,1,306.72,0.0,0,Low Value
13764,45,2,945.63,576.13,1,Medium Value
13767,9,28,9676.37,7543.990000000001,1,Medium Value
13769,23,6,1730.24,1066.27,1,Medium Value
13771,100,2,1464.8500000000001,1169.6,1,Medium Value
13772,140,1,228.42,903.71,0,Low Value
13777,30,24,12360.24,13616.92,1,Medium Value
13778,4,1,178.7,0.0,1,Medium Value
13780,71,1,116.28000000000002,243.73000000000002,1,Medium Value
13781,151,1,127.84,0.0,0,Low Value
13782,25,3,487.93,424.07,1,Medium Value
13784,14,8,1968.6299999999999,494.15999999999997,1,Medium Value
13786,268,1,230.4,0.0,0,Low Value
13787,265,1,106.4,202.64,0,Low Value
13791,28,2,1516.0,0.0,1,Medium Value
13792,188,1,74.60000000000001,120.95,0,Low Value
13798,8,41,28066.24,9087.61,2,High Value
13799,17,2,688.86,0.0,1,Medium Value
13800,210,1,558.32,0.0,0,Low Value
13802,39,3,4599.42,0.0,1,Medium Value
13803,156,1,277.07,0.0,0,Low Value
13804,42,3,1355.11,1280.68,1,Medium Value
13805,30,1,500.24,424.36,1,Medium Value
13807,268,1,112.6,0.0,0,Low Value
13809,206,1,155.05,0.0,0,Low Value
13811,84,3,814.5,0.0,1,Medium Value
13812,6,1,278.74,260.26,1,Medium Value
13813,35,1,385.14,981.72,1,Medium Value
13814,38,1,617.54,961.5799999999999,1,Medium Value
13815,73,2,2977.75,1049.61,1,Medium Value
13817,252,1,128.7,254.28,0,Low Value
13819,202,3,1140.35,0.0,0,Low Value
13821,45,2,385.64,0.0,1,Medium Value
13824,36,4,1429.84,269.1,1,Medium Value
13826,77,1,189.5,0.0,1,Medium Value
13827,34,2,300.76,111.29,1,Medium Value
13831,39,4,1455.3899999999999,747.5999999999999,1,Medium Value
13833,60,1,384.8,0.0,1,Medium Value
13835,56,2,537.34,297.23,1,Medium Value
13837,112,2,271.24,0.0,1,Medium Value
13838,18,3,479.59,212.14,1,Medium Value
13841,153,1,85.0,0.0,0,Low Value
13842,56,7,2165.27,1220.35,1,Medium Value
13846,143,2,663.9300000000001,201.13,0,Low Value
13848,198,2,935.0,320.0,0,Low Value
13849,71,1,593.58,944.37,1,Medium Value
13850,30,1,1595.48,0.0,1,Medium Value
13851,29,2,1353.28,1298.18,1,Medium Value
13854,7,19,6145.16,1964.36,1,Medium Value
13856,69,3,388.5,0.0,1,Medium Value
13859,227,1,201.16,0.0,0,Low Value
13862,9,6,1781.3,428.06,1,Medium Value
13863,148,1,305.78,0.0,0,Low Value
13865,37,3,383.34000000000003,118.22,1,Medium Value
13867,119,1,138.85,876.44,0,Low Value
13869,24,4,3104.9500000000003,0.0,1,Medium Value
13870,2,5,2179.4700000000003,591.47,1,Medium Value
13871,13,8,4074.2400000000002,2329.01,1,Medium Value
13873,20,3,389.6,0.0,1,Medium Value
13874,259,1,540.45,0.0,0,Low Value
13875,34,4,1424.8,361.99,1,Medium Value
13880,46,8,1680.76,1539.01,1,Medium Value
13881,8,9,6969.14,10190.38,1,Medium Value
13883,119,4,1742.78,931.7,1,Medium Value
13884,178,3,196.25,591.35,0,Low Value
13885,90,2,506.8,0.0,1,Medium Value
13887,105,1,349.55,0.0,1,Medium Value
13888,20,2,605.63,0.0,1,Medium Value
13890,8,2,501.11,1382.7,1,Medium Value
13892,147,1,54.519999999999996,578.45,0,Low Value
13893,198,1,821.1,0.0,0,Low Value
13894,211,1,160.85,403.77,0,Low Value
13895,44,2,937.3000000000001,1655.77,1,Medium Value
13898,226,1,155.93,0.0,0,Low Value
13899,175,1,298.5,90.02,0,Low Value
13900,84,3,740.95,0.0,1,Medium Value
13901,8,4,2652.28,214.92000000000002,1,Medium Value
13904,195,1,201.12,131.52,0,Low Value
13908,27,3,1461.61,907.94,1,Medium Value
13911,45,8,2437.63,143.28,1,Medium Value
13917,92,1,65.38,206.66,1,Medium Value
13918,154,1,198.20000000000002,1014.6400000000001,0,Low Value
13919,22,1,213.15,171.66,1,Medium Value
13922,252,1,172.25,0.0,0,Low Value
13925,22,2,496.05,182.2,1,Medium Value
13928,7,2,225.45000000000002,239.12,1,Medium Value
13929,70,2,842.65,0.0,1,Medium Value
13930,37,1,210.0,127.34,1,Medium Value
13931,181,1,378.21000000000004,859.32,0,Low Value
13932,195,1,307.4,0.0,0,Low Value
13933,10,2,608.79,0.0,1,Medium Value
13934,164,1,922.1,0.0,0,Low Value
13936,80,1,376.58,0.0,1,Medium Value
13937,70,1,158.85,0.0,1,Medium Value
13939,9,2,390.21,178.34,1,Medium Value
13940,17,2,391.06,448.08000000000004,1,Medium Value
13941,72,3,2831.26,2281.7000000000003,1,Medium Value
13946,102,2,485.96999999999997,75.6,1,Medium Value
13948,261,1,102.0,0.0,0,Low Value
13950,147,1,179.31,565.75,0,Low Value
13951,77,3,674.45,0.0,1,Medium Value
13952,118,2,3251.071,0.0,0,Low Value
13953,16,5,2604.36,911.32,1,Medium Value
13955,55,2,322.96,0.0,1,Medium Value
13956,39,3,680.27,346.15,1,Medium Value
13959,182,2,337.44,260.76,0,Low Value
13962,146,1,117.6,51.95,0,Low Value
13963,209,4,664.54,0.0,0,Low Value
13967,46,1,80.7,0.0,1,Medium Value
13969,8,11,3911.35,5142.59,1,Medium Value
13971,7,6,1985.9,772.36,1,Medium Value
13972,102,1,145.9,44.349999999999994,1,Medium Value
13973,188,1,264.7,0.0,0,Low Value
13975,29,4,1497.71,1028.57,1,Medium Value
13976,107,1,357.98,0.0,1,Medium Value
13982,64,3,1230.14,641.6700000000001,1,Medium Value
13983,88,8,1681.06,922.37,1,Medium Value
13984,27,4,819.33,101.18,1,Medium Value
13985,8,7,2773.04,4287.09,1,Medium Value
13988,63,3,1923.5,2224.46,1,Medium Value
13989,140,1,896.67,369.41,0,Low Value
13990,114,1,311.3,0.0,0,Low Value
13991,44,1,126.35,729.62,1,Medium Value
13993,1,6,2247.41,1218.95,1,Medium Value
13994,6,2,419.56,1893.5800000000002,1,Medium Value
13995,16,3,871.9,521.79,1,Medium Value
13999,16,8,2561.94,1339.8700000000001,1,Medium Value
14000,112,1,635.66,0.0,0,Low Value
14001,133,2,1309.14,733.94,0,Low Value
14002,35,2,529.73,0.0,1,Medium Value
14004,9,4,2962.26,1620.38,1,Medium Value
14005,34,3,696.56,2178.16,1,Medium Value
14006,16,3,962.19,0.0,1,Medium Value
14009,99,2,695.61,0.0,1,Medium Value
14012,178,1,328.8,0.0,0,Low Value
14013,11,3,473.02,0.0,1,Medium Value
14016,62,4,4341.21,0.0,1,Medium Value
14019,39,1,384.29,1037.32,1,Medium Value
14021,56,3,631.9,0.0,1,Medium Value
14022,126,1,440.0,0.0,0,Low Value
14023,151,1,273.14,310.93,0,Low Value
14024,22,2,327.7,0.0,1,Medium Value
14029,45,1,165.20000000000002,302.46,1,Medium Value
14030,22,6,1657.5,702.59,1,Medium Value
14031,27,13,9627.03,7659.83,1,Medium Value
14032,69,6,1845.3700000000001,1130.22,1,Medium Value
14034,58,2,473.90999999999997,177.91,1,Medium Value
14035,8,3,837.26,590.76,1,Medium Value
14036,185,1,626.65,0.0,0,Low Value
14037,77,2,147.20000000000002,0.0,1,Medium Value
14038,45,2,1086.42,473.96000000000004,1,Medium Value
14040,18,9,2485.91,1129.01,1,Medium Value
14041,167,1,141.41,0.0,0,Low Value
14044,4,3,542.11,110.71000000000001,1,Medium Value
14045,10,4,1659.75,0.0,1,Medium Value
14046,185,1,154.99,0.0,0,Low Value
14047,100,3,635.92,672.69,1,Medium Value
14048,206,1,409.93,0.0,0,Low Value
14049,59,3,3285.39,2396.33,1,Medium Value
14050,7,1,485.98,260.38,1,Medium Value
14051,14,15,8687.44,6922.95,1,Medium Value
14053,25,2,260.25,0.0,1,Medium Value
14055,7,1,725.6400000000001,0.0,1,Medium Value
14056,8,17,5382.51,2832.14,1,Medium Value
14057,1,13,4811.98,1405.98,1,Medium Value
14059,167,1,183.6,0.0,0,Low Value
14060,9,14,4102.78,2037.64,1,Medium Value
14062,13,9,7801.79,2663.0600000000004,1,Medium Value
14064,14,4,1097.68,256.06,1,Medium Value
14066,167,1,152.55,0.0,0,Low Value
14068,221,1,265.85,0.0,0,Low Value
14071,161,2,356.81,1082.01,0,Low Value
14075,162,1,307.92,634.34,0,Low Value
14076,30,1,122.47,0.0,1,Medium Value
14077,83,3,310.4,189.01999999999998,1,Medium Value
14078,2,6,1049.37,0.0,1,Medium Value
14079,25,1,375.1,0.0,1,Medium Value
14081,203,2,934.52,0.0,0,Low Value
14082,265,1,182.25,0.0,0,Low Value
14083,27,7,548.92,469.51,1,Medium Value
14085,42,12,3248.19,1200.35,1,Medium Value
14088,29,7,25507.89,24983.920000000002,1,Medium Value
14090,225,1,76.32000000000001,0.0,0,Low Value
14092,32,9,2437.8,1639.1100000000001,1,Medium Value
14096,2,1,21.84,65142.95,1,Medium Value
14099,21,8,2309.92,794.25,1,Medium Value
14100,38,1,194.9,0.0,1,Medium Value
14101,43,5,4944.39,1032.4,1,Medium Value
14104,55,2,216.21,0.0,1,Medium Value
14105,140,1,1266.23,0.0,0,Low Value
14107,77,5,1836.84,866.39,1,Medium Value
14108,2,1,291.33,306.58,1,Medium Value
14110,20,5,3259.62,2423.5299999999997,1,Medium Value
14111,7,2,247.2,445.65,1,Medium Value
14112,31,4,1900.82,1014.33,1,Medium Value
14113,255,1,433.5,1406.92,0,Low Value
14114,174,2,386.53,0.0,0,Low Value
14116,22,1,319.97,1062.77,1,Medium Value
14117,44,1,90.0,0.0,1,Medium Value
14127,23,3,709.71,0.0,1,Medium Value
14128,156,1,305.54,331.96,0,Low Value
14129,161,1,358.90000000000003,764.96,0,Low Value
14130,220,1,483.86,0.0,0,Low Value
14132,14,5,1552.46,2033.57,1,Medium Value
14133,30,3,605.64,0.0,1,Medium Value
14135,6,10,3190.32,1499.99,1,Medium Value
14141,6,1,285.16,629.97,1,Medium Value
14142,274,1,311.81,0.0,0,Low Value
14143,34,1,115.8,0.0,1,Medium Value
14145,57,3,2851.2,891.0,1,Medium Value
14146,155,2,1903.73,2287.27,0,Low Value
14147,186,1,182.8,300.6,0,Low Value
14148,134,1,157.2,0.0,0,Low Value
14149,121,1,446.62,0.0,0,Low Value
14150,260,1,306.18,352.46,0,Low Value
14152,135,1,314.51,306.78000000000003,0,Low Value
14154,140,2,1345.62,0.0,0,Low Value
14155,167,1,118.75,0.0,0,Low Value
14156,15,35,85001.9,32377.73,2,High Value
14157,186,1,277.17,155.71,0,Low Value
14159,45,6,2184.21,2508.8,1,Medium Value
14161,116,3,1110.52,0.0,1,Medium Value
14162,74,2,289.36,0.0,1,Medium Value
14163,53,3,1659.39,786.52,1,Medium Value
14165,176,1,122.53999999999999,0.0,0,Low Value
14167,66,3,402.1,172.74,1,Medium Value
14173,120,1,114.04,336.8,0,Low Value
14175,72,2,1205.99,2016.31,1,Medium Value
14176,198,4,576.9000000000001,0.0,0,Low Value
14177,80,1,118.08,441.33,1,Medium Value
14178,44,2,312.89,1308.04,1,Medium Value
14180,7,21,4110.12,638.4,1,Medium Value
14185,232,1,197.65,0.0,0,Low Value
14188,10,4,1383.46,670.9,1,Medium Value
14189,14,10,2906.96,1747.1200000000001,1,Medium Value
14191,9,7,2258.26,2426.5,1,Medium Value
14193,170,1,422.54,430.85,0,Low Value
14194,7,12,5666.45,5683.07,1,Medium Value
14195,102,2,1012.0,0.0,1,Medium Value
14196,7,1,335.52,0.0,1,Medium Value
14198,46,2,356.95,344.45,1,Medium Value
14199,119,1,185.39999999999998,0.0,0,Low Value
14201,50,5,521.24,226.2,1,Medium Value
14205,165,1,222.9,243.8,0,Low Value
14206,140,1,328.15999999999997,0.0,0,Low Value
14209,22,5,1876.33,197.10000000000002,1,Medium Value
14210,6,6,1905.8400000000001,0.0,1,Medium Value
14211,108,5,909.89,1331.21,1,Medium Value
14214,57,3,899.16,105.22,1,Medium Value
14215,87,4,1098.27,691.45,1,Medium Value
14217,56,9,1085.0,919.98,1,Medium Value
14220,148,2,632.4000000000001,0.0,0,Low Value
14221,14,7,2617.01,815.79,1,Medium Value
14222,78,1,683.17,0.0,1,Medium Value
14223,58,2,656.59,334.54,1,Medium Value
14224,11,4,1050.1200000000001,0.0,1,Medium Value
14226,111,2,1709.4,522.7900000000001,1,Medium Value
14227,97,7,2399.52,951.44,1,Medium Value
14229,192,2,762.13,785.0699999999999,0,Low Value
14231,84,3,925.71,0.0,1,Medium Value
14232,16,4,1573.33,474.74,1,Medium Value
14233,112,3,959.1,503.62,1,Medium Value
14235,58,4,2802.86,342.0,1,Medium Value
14236,273,1,189.3,301.56,0,Low Value
14237,274,1,161.0,0.0,0,Low Value
14238,227,1,146.85,0.0,0,Low Value
14239,31,7,1415.54,965.3100000000001,1,Medium Value
14240,126,1,226.85000000000002,663.49,0,Low Value
14241,84,1,213.70000000000002,0.0,1,Medium Value
14242,135,2,280.55,0.0,0,Low Value
14243,41,7,1990.78,597.99,1,Medium Value
14245,120,2,1693.45,0.0,0,Low Value
14246,11,3,1474.06,0.0,1,Medium Value
14247,179,1,136.77,0.0,0,Low Value
14248,219,1,302.58,0.0,0,Low Value
14256,161,2,969.0600000000001,0.0,0,Low Value
14257,24,4,2725.84,373.88,1,Medium Value
14258,52,7,9386.32,3283.66,1,Medium Value
14259,42,1,120.0,0.0,1,Medium Value
14262,8,3,855.0,1763.23,1,Medium Value
14264,55,2,333.97,0.0,1,Medium Value
14265,10,2,530.18,0.0,1,Medium Value
14267,63,3,1516.24,0.0,1,Medium Value
14270,232,1,492.65000000000003,0.0,0,Low Value
14271,126,1,112.32000000000001,0.0,0,Low Value
14272,155,1,132.09,305.87,0,Low Value
14273,37,3,450.05,109.92,1,Medium Value
14276,81,2,720.4,399.34000000000003,1,Medium Value
14277,113,1,1637.43,2578.77,0,Low Value
14280,97,1,134.04,0.0,1,Medium Value
14282,10,9,2495.44,1233.9,1,Medium Value
14285,77,1,5.9,1904.1100000000001,1,Medium Value
14286,144,1,2050.08,2578.67,0,Low Value
14287,99,2,83.28,93.35,1,Medium Value
14288,114,1,426.6,0.0,0,Low Value
14289,35,5,832.78,78.48,1,Medium Value
14290,262,1,777.5600000000001,1537.09,0,Low Value
14291,21,7,2355.54,1527.71,1,Medium Value
14292,46,4,2590.21,2281.72,1,Medium Value
14293,48,3,739.41,307.15000000000003,1,Medium Value
14297,175,1,232.6,1072.73,0,Low Value
14298,24,36,35591.84,15935.46,2,High Value
14299,8,5,2437.14,1528.48,1,Medium Value
14301,18,1,640.14,0.0,1,Medium Value
14304,123,1,383.45,0.0,0,Low Value
14305,15,2,1048.45,810.51,1,Medium Value
14307,35,4,2307.89,687.83,1,Medium Value
14309,69,6,1310.02,1042.51,1,Medium Value
14311,143,1,310.26,0.0,0,Low Value
14312,87,4,854.59,757.0,1,Medium Value
14314,7,1,120.0,0.0,1,Medium Value
14315,30,5,1550.15,930.98,1,Medium Value
14320,107,2,477.79,0.0,1,Medium Value
14321,17,3,900.65,630.1,1,Medium Value
14323,15,2,605.0600000000001,0.0,1,Medium Value
14326,143,1,183.85,0.0,0,Low Value
14327,64,1,311.65000000000003,0.0,1,Medium Value
14329,9,4,3485.03,1529.81,1,Medium Value
14331,25,2,462.66,0.0,1,Medium Value
14332,48,1,119.04,747.27,1,Medium Value
14334,23,6,2013.51,538.7,1,Medium Value
14336,99,3,1114.39,500.52000000000004,1,Medium Value
14338,62,2,588.22,0.0,1,Medium Value
14339,143,1,309.52000000000004,0.0,0,Low Value
14340,119,1,134.7,0.0,0,Low Value
14341,31,6,1139.52,1042.76,1,Medium Value
14342,38,2,419.74,248.82,1,Medium Value
14344,28,8,889.9300000000001,0.0,1,Medium Value
14346,21,2,1021.58,0.0,1,Medium Value
14348,161,1,409.57,0.0,0,Low Value
14350,175,1,282.93,0.0,0,Low Value
14351,65,1,51.0,0.0,1,Medium Value
14352,58,4,1078.96,0.0,1,Medium Value
14353,116,1,90.6,0.0,0,Low Value
14355,266,1,174.4,0.0,0,Low Value
14364,9,8,3717.35,0.0,1,Medium Value
14367,38,10,5448.45,3813.07,1,Medium Value
14368,220,1,155.0,0.0,0,Low Value
14371,196,1,100.5,0.0,0,Low Value
14373,259,1,76.55,0.0,0,Low Value
14375,86,1,257.68,0.0,1,Medium Value
14377,92,2,617.05,0.0,1,Medium Value
14379,196,1,110.98,237.12,0,Low Value
14383,64,1,242.09,1005.6,1,Medium Value
14386,197,1,142.4,0.0,0,Low Value
14387,10,1,440.76,1329.8,1,Medium Value
14388,22,5,1835.11,1377.73,1,Medium Value
14389,91,1,311.14,732.32,1,Medium Value
14390,45,4,1592.66,3060.1600000000003,1,Medium Value
14393,119,1,67.95,0.0,0,Low Value
14395,78,6,1966.22,1541.49,1,Medium Value
14396,272,1,110.35000000000001,377.64,0,Low Value
14397,10,9,856.0,1756.96,1,Medium Value
14400,50,1,574.7,0.0,1,Medium Value
14401,8,9,2766.2999999999997,1285.18,1,Medium Value
14403,31,4,1475.81,0.0,1,Medium Value
14404,9,5,1347.52,126.8,1,Medium Value
14406,20,1,156.75,0.0,1,Medium Value
14407,8,6,2157.73,0.0,1,Medium Value
14408,31,5,1996.51,610.0200000000001,1,Medium Value
14409,23,5,1943.73,115.72,1,Medium Value
14410,42,7,979.98,125.09,1,Medium Value
14411,211,1,1063.0,0.0,0,Low Value
14413,263,1,122.7,0.0,0,Low Value
14414,10,5,1137.08,359.9,1,Medium Value
14415,24,8,3339.33,2560.95,1,Medium Value
14418,9,1,150.44,1786.81,1,Medium Value
14419,153,2,307.56,750.5,0,Low Value
14421,112,1,455.18,357.93,0,Low Value
14422,71,2,1032.15,3231.4900000000002,1,Medium Value
14423,119,1,265.2,0.0,0,Low Value
14426,41,6,2885.58,1596.09,1,Medium Value
14428,140,2,330.62,914.21,0,Low Value
14431,203,1,470.36,0.0,0,Low Value
14437,266,1,63.0,0.0,0,Low Value
14438,207,1,131.9,0.0,0,Low Value
14439,220,1,2661.24,0.0,0,Low Value
14440,217,2,1185.71,1171.97,0,Low Value
14441,156,1,356.84000000000003,1356.05,0,Low Value
14442,105,2,1589.82,0.0,1,Medium Value
14443,39,3,991.52,428.68,1,Medium Value
14446,147,1,303.04,736.54,0,Low Value
14447,97,2,601.03,562.2,1,Medium Value
14448,265,1,102.35000000000001,273.0,0,Low Value
14449,147,2,401.3,505.8,0,Low Value
14450,81,3,483.25,0.0,1,Medium Value
14451,95,1,360.0,302.59000000000003,1,Medium Value
14453,91,1,119.93,0.0,1,Medium Value
14456,32,3,636.65,2425.75,1,Medium Value
14457,211,1,113.64,0.0,0,Low Value
14459,56,1,1837.92,0.0,1,Medium Value
14460,11,3,434.34,0.0,1,Medium Value
14461,49,3,2103.06,0.0,1,Medium Value
14462,21,9,1534.1,469.92,1,Medium Value
14463,71,2,309.42,220.2,1,Medium Value
14465,147,3,1058.6200000000001,0.0,0,Low Value
14466,16,5,1580.45,691.9499999999999,1,Medium Value
14467,213,1,131.7,467.06,0,Low Value
14470,188,1,297.64,163.55,0,Low Value
14472,4,8,1936.84,0.0,1,Medium Value
14473,183,1,85.0,149.34,0,Low Value
14475,87,2,622.1700000000001,303.68,1,Medium Value
14476,158,1,215.7,0.0,0,Low Value
14477,85,2,523.0,786.6,1,Medium Value
14479,154,2,316.25,0.0,0,Low Value
14481,65,2,636.51,0.0,1,Medium Value
14482,140,1,238.1,1830.05,0,Low Value
14483,182,1,137.1,0.0,0,Low Value
14487,269,1,125.10000000000001,1071.23,0,Low Value
14489,108,1,463.38,0.0,1,Medium Value
14491,76,2,340.93,0.0,1,Medium Value
14493,56,1,611.22,1772.02,1,Medium Value
14495,22,1,40.6,83.2,1,Medium Value
14496,212,2,538.8100000000001,0.0,0,Low Value
14497,210,1,475.37,0.0,0,Low Value
14498,17,4,1281.79,675.53,1,Medium Value
14499,34,2,370.96000000000004,444.36,1,Medium Value
14500,13,2,335.85,21.0,1,Medium Value
14501,84,2,251.21,0.0,1,Medium Value
14502,50,7,1176.01,1294.66,1,Medium Value
14503,79,1,597.07,2946.19,1,Medium Value
14504,144,3,542.71,130.55,0,Low Value
14505,10,6,4255.64,1650.0,1,Medium Value
14506,63,3,831.66,1180.51,1,Medium Value
14507,2,4,924.6899999999999,458.49,1,Medium Value
14511,34,1,138.16,1176.65,1,Medium Value
14512,88,2,275.28,0.0,1,Medium Value
14513,1,3,455.59000000000003,0.0,1,Medium Value
14514,102,2,403.11,652.24,1,Medium Value
14515,92,2,765.65,1336.44,1,Medium Value
14517,42,1,252.45,78.0,1,Medium Value
14520,191,1,165.0,105.60000000000001,0,Low Value
14522,99,1,278.63,695.91,1,Medium Value
14523,9,1,241.09,0.0,1,Medium Value
14524,79,5,1052.72,814.96,1,Medium Value
14525,1,7,2926.14,1406.06,1,Medium Value
14527,8,39,5136.4,3372.42,1,Medium Value
14529,11,1,135.24,484.8,1,Medium Value
14530,29,4,2021.27,904.64,1,Medium Value
14532,137,4,932.85,0.0,0,Low Value
14533,13,2,734.98,1214.74,1,Medium Value
14534,20,13,2904.05,1543.0,1,Medium Value
14535,28,2,1653.91,1210.28,1,Medium Value
14536,160,1,171.8,0.0,0,Low Value
14538,157,1,106.5,281.75,0,Low Value
14540,210,1,195.9,800.36,0,Low Value
14541,69,7,1315.65,146.0,1,Medium Value
14542,87,1,103.25,0.0,1,Medium Value
14543,9,13,3265.1,365.23,1,Medium Value
14544,262,1,1121.92,902.53,0,Low Value
14546,102,2,874.88,1703.21,1,Medium Value
14548,51,2,652.8,0.0,1,Medium Value
14549,212,1,289.24,0.0,0,Low Value
14551,105,1,125.43,60.8,1,Medium Value
14552,52,1,165.07,0.0,1,Medium Value
14553,119,2,312.32,546.95,0,Low Value
14555,203,1,197.94,126.2,0,Low Value
14560,10,13,1414.0,823.77,1,Medium Value
14561,63,2,566.99,513.77,1,Medium Value
14562,28,6,1985.3500000000001,3089.42,1,Medium Value
14565,14,3,2560.32,538.8000000000001,1,Medium Value
14566,11,1,1432.0,0.0,1,Medium Value
14567,31,1,800.76,729.6,1,Medium Value
14570,181,2,218.06,0.0,0,Low Value
14572,11,5,2089.44,743.4,1,Medium Value
14573,80,9,1653.42,0.0,1,Medium Value
14576,273,1,35.400000000000006,0.0,0,Low Value
14577,64,3,646.64,213.07,1,Medium Value
14583,45,4,787.64,264.91,1,Medium Value
14584,70,4,1042.26,0.0,1,Medium Value
14586,177,1,237.35999999999999,0.0,0,Low Value
14587,85,8,1473.53,127.61,1,Medium Value
14589,272,1,39.75,0.0,0,Low Value
14591,114,1,250.22,1196.92,0,Low Value
14593,99,2,339.59,278.4,1,Medium Value
14594,274,1,255.0,124.83,0,Low Value
14595,214,1,163.8,1576.8,0,Low Value
14597,92,1,165.1,718.05,1,Medium Value
14600,206,1,393.33000000000004,0.0,0,Low Value
14603,175,1,660.0,0.0,0,Low Value
14606,4,69,9329.38,2827.27,2,High Value
14607,162,1,495.0,16074.5,0,Low Value
14608,263,1,204.0,1581.15,0,Low Value
14609,44,3,486.36,115.2,1,Medium Value
14616,143,3,406.08000000000004,0.0,0,Low Value
14618,238,1,211.8,341.64,0,Low Value
14619,147,1,394.44,0.0,0,Low Value
14620,106,2,412.78000000000003,0.0,1,Medium Value
14621,57,3,1002.9100000000001,785.45,1,Medium Value
14622,85,1,320.58000000000004,0.0,1,Medium Value
14623,17,3,608.71,280.54,1,Medium Value
14625,97,2,899.63,0.0,1,Medium Value
14626,23,2,1571.29,1219.98,1,Medium Value
14628,143,1,331.58000000000004,340.38,0,Low Value
14631,136,2,630.08,376.90000000000003,0,Low Value
14632,163,1,114.56,0.0,0,Low Value
14633,167,1,344.90000000000003,0.0,0,Low Value
14636,169,1,300.19,309.66,0,Low Value
14639,21,4,1989.23,995.26,1,Medium Value
14640,28,4,1501.06,624.02,1,Medium Value
14643,71,2,693.8100000000001,0.0,1,Medium Value
14644,199,1,187.50000000000003,643.26,0,Low Value
14645,57,2,597.09,0.0,1,Medium Value
14646,6,40,176355.94,103850.08,2,High Value
14647,102,1,243.22,0.0,1,Medium Value
14649,113,2,584.22,833.0699999999999,0,Low Value
14651,112,1,416.32,238.28,0,Low Value
14653,239,1,344.81,1602.74,0,Low Value
14655,123,1,810.56,1121.67,0,Low Value
14656,70,2,291.05,0.0,1,Medium Value
14657,56,3,638.94,209.28,1,Medium Value
14658,18,1,123.14,124.01,1,Medium Value
14659,46,6,1641.55,888.38,1,Medium Value
14660,1,1,128.95,156.79,1,Medium Value
14662,135,3,524.86,246.31,0,Low Value
14665,197,3,731.66,1104.04,0,Low Value
14667,14,17,5488.22,3752.98,1,Medium Value
14669,142,3,1269.99,0.0,0,Low Value
14670,181,2,411.53,0.0,0,Low Value
14672,135,2,765.5500000000001,0.0,0,Low Value
14673,268,1,373.49,1362.91,0,Low Value
14676,48,4,1690.92,857.32,1,Medium Value
14680,22,13,24196.4,4557.71,1,Medium Value
14681,112,1,393.95,105.0,0,Low Value
14682,88,2,52.0,0.0,1,Medium Value
14684,116,2,519.26,717.02,0,Low Value
14687,7,1,628.38,0.0,1,Medium Value
14688,30,15,3852.54,1778.33,1,Medium Value
14689,109,1,112.80000000000001,0.0,0,Low Value
14690,52,1,216.71,154.99,1,Medium Value
14691,113,1,439.6,1674.73,0,Low Value
14692,38,4,591.55,0.0,1,Medium Value
14693,165,1,172.9,0.0,0,Low Value
14696,20,5,1458.54,620.41,1,Medium Value
14697,119,2,188.61,0.0,0,Low Value
14699,115,1,109.13000000000001,0.0,0,Low Value
14700,90,2,1557.6,677.7,1,Medium Value
14701,73,7,1958.28,591.09,1,Medium Value
14702,17,9,1687.7,1604.44,1,Medium Value
14704,43,2,221.16,1325.75,1,Medium Value
14705,99,1,179.0,0.0,1,Medium Value
14708,55,2,701.1800000000001,425.19,1,Medium Value
14709,13,8,3364.44,1556.6000000000001,1,Medium Value
14711,10,8,2064.42,804.38,1,Medium Value
14712,13,1,115.72,801.35,1,Medium Value
14713,28,8,1821.8799999999999,844.48,1,Medium Value
14715,199,2,247.45000000000002,619.9300000000001,0,Low Value
14716,49,1,188.56,141.12,1,Medium Value
14719,80,2,488.12,1114.01,1,Medium Value
14720,27,1,155.8,508.01,1,Medium Value
14722,48,1,187.92,0.0,1,Medium Value
14723,259,3,471.0,687.3000000000001,0,Low Value
14727,175,1,268.58,0.0,0,Low Value
14729,274,1,313.49,0.0,0,Low Value
14730,8,5,904.21,1100.85,1,Medium Value
14731,106,2,251.01999999999998,129.0,1,Medium Value
14732,44,5,1618.3,1084.19,1,Medium Value
14733,11,11,9044.2,541.71,1,Medium Value
14735,11,22,3496.31,2569.38,1,Medium Value
14737,29,2,1081.75,82.8,1,Medium Value
14738,34,5,757.6500000000001,556.8000000000001,1,Medium Value
14739,120,3,1307.6200000000001,2594.66,0,Low Value
14740,98,3,1448.21,0.0,1,Medium Value
14741,14,4,864.96,535.38,1,Medium Value
14744,198,5,928.03,171.95,0,Low Value
14745,13,5,1220.26,0.0,1,Medium Value
14747,150,1,328.2,0.0,0,Low Value
14748,24,4,1118.77,296.98,1,Medium Value
14754,196,1,228.27,409.78000000000003,0,Low Value
14755,13,7,2867.68,2142.6,1,Medium Value
14758,46,4,1484.06,0.0,1,Medium Value
14759,13,2,870.85,755.12,1,Medium Value
14760,198,1,89.2,0.0,0,Low Value
14761,235,1,97.5,158.4,0,Low Value
14762,165,1,300.52,0.0,0,Low Value
14765,13,2,95.5,158.61,1,Medium Value
14766,69,4,1531.32,942.05,1,Medium Value
14768,28,1,133.20000000000002,59.400000000000006,1,Medium Value
14769,9,6,6487.94,4186.81,1,Medium Value
14770,133,2,876.4200000000001,0.0,0,Low Value
14772,13,1,139.26,0.0,1,Medium Value
14775,38,2,701.46,310.44,1,Medium Value
14776,6,8,1862.22,676.08,1,Medium Value
14778,28,2,730.86,0.0,1,Medium Value
14779,181,3,386.15,0.0,0,Low Value
14782,220,1,200.10000000000002,0.0,0,Low Value
14784,224,1,114.68,175.31,0,Low Value
14790,20,2,364.04,381.02,1,Medium Value
14794,104,4,679.54,640.37,1,Medium Value
14795,67,1,131.45000000000002,0.0,1,Medium Value
14796,8,13,5757.42,2265.07,1,Medium Value
14798,45,2,97.4,76.34,1,Medium Value
14800,10,9,3840.44,499.3,1,Medium Value
14803,63,3,845.5500000000001,0.0,1,Medium Value
14805,214,1,109.25,445.4,0,Low Value
14808,45,6,1846.31,894.86,1,Medium Value
14810,4,10,1869.33,218.55,1,Medium Value
14813,270,2,155.43,0.0,0,Low Value
14816,98,1,271.85,0.0,1,Medium Value
14817,101,2,1110.34,0.0,1,Medium Value
14818,70,2,409.63,248.17000000000002,1,Medium Value
14819,93,1,84.72,187.35,1,Medium Value
14820,74,1,139.77,367.52000000000004,1,Medium Value
14821,267,1,48.800000000000004,0.0,0,Low Value
14823,81,3,321.43,0.0,1,Medium Value
14825,28,7,1339.3700000000001,887.5400000000001,1,Medium Value
14828,97,3,2139.76,0.0,1,Medium Value
14829,85,3,531.63,165.92000000000002,1,Medium Value
14834,21,2,429.3,1291.0,1,Medium Value
14837,6,3,1345.56,303.94,1,Medium Value
14840,168,1,62.85,0.0,0,Low Value
14841,80,4,2375.57,920.19,1,Medium Value
14842,92,2,1688.48,1136.21,1,Medium Value
14844,24,3,2257.6800000000003,932.13,1,Medium Value
14847,49,1,309.40000000000003,0.0,1,Medium Value
14849,20,15,5025.25,2905.29,1,Medium Value
14850,212,1,325.75,0.0,0,Low Value
14851,157,1,206.13,305.22,0,Low Value
14852,41,4,1634.21,1202.48,1,Medium Value
14853,112,1,214.5,261.3,0,Low Value
14854,34,6,2301.63,458.2,1,Medium Value
14855,20,2,645.65,0.0,1,Medium Value
14857,49,1,522.52,650.6,1,Medium Value
14859,105,1,296.86,1056.88,1,Medium Value
14862,49,1,304.1,537.1,1,Medium Value
14865,273,1,37.2,15.0,0,Low Value
14866,6,4,1163.9,13226.0,1,Medium Value
14867,86,3,710.28,0.0,1,Medium Value
14868,21,4,1297.07,1656.52,1,Medium Value
14869,4,1,391.31,334.39,1,Medium Value
14870,162,1,327.25,0.0,0,Low Value
14871,79,3,354.75,167.63,1,Medium Value
14873,111,1,519.68,0.0,0,Low Value
14875,8,2,1465.32,0.0,1,Medium Value
14878,74,6,1083.02,402.52,1,Medium Value
14880,86,2,363.27,342.92,1,Medium Value
14883,64,2,358.48,403.11,1,Medium Value
14885,32,1,765.3199999999999,0.0,1,Medium Value
14886,153,1,364.8,0.0,0,Low Value
14888,108,1,369.2,0.0,1,Medium Value
14889,237,1,135.9,0.0,0,Low Value
14890,154,1,125.65,0.0,0,Low Value
14891,49,2,554.38,0.0,1,Medium Value
14895,11,10,6081.71,5057.0,1,Medium Value
14896,105,2,468.77000000000004,0.0,1,Medium Value
14897,197,1,175.5,1190.88,0,Low Value
14898,35,5,1011.3,292.22,1,Medium Value
14901,2,5,822.12,599.17,1,Medium Value
14903,25,4,2411.82,398.81,1,Medium Value
14905,58,2,616.15,0.0,1,Medium Value
14907,48,4,1931.82,1569.28,1,Medium Value
14911,6,106,74437.05,69388.01,2,High Value
14912,147,1,482.79,385.06,0,Low Value
14913,84,3,917.15,310.28000000000003,1,Medium Value
14915,178,1,142.28,165.20000000000002,0,Low Value
14916,50,2,701.28,567.7,1,Medium Value
14918,16,2,1610.15,0.0,1,Medium Value
14920,113,2,977.77,0.0,1,Medium Value
14921,102,1,903.01,413.06,1,Medium Value
14924,146,1,310.05,0.0,0,Low Value
14930,9,3,2372.86,0.0,1,Medium Value
14931,107,2,586.0,671.6800000000001,1,Medium Value
14932,266,1,363.53,0.0,0,Low Value
14934,183,1,828.84,1062.1,0,Low Value
14935,198,1,1784.71,0.0,0,Low Value
14936,9,3,5072.88,3064.14,1,Medium Value
14937,31,1,759.56,862.3199999999999,1,Medium Value
14944,45,6,2507.73,3392.52,1,Medium Value
14947,31,1,178.5,112.32,1,Medium Value
14948,10,3,556.87,545.1,1,Medium Value
14952,107,7,3534.61,4564.88,1,Medium Value
14957,154,1,58.49,0.0,0,Low Value
14958,48,3,499.68,0.0,1,Medium Value
14959,10,3,537.32,158.1,1,Medium Value
14960,72,1,88.3,132.97,1,Medium Value
14961,55,6,3906.98,3137.7000000000003,1,Medium Value
14962,171,1,126.7,0.0,0,Low Value
14963,84,1,294.2,1193.6,1,Medium Value
14964,148,1,206.21,0.0,0,Low Value
14970,38,3,1119.75,472.31,1,Medium Value
14972,29,1,114.77,0.0,1,Medium Value
14973,8,3,1314.45,0.0,1,Medium Value
14976,2,4,559.96,230.9,1,Medium Value
14978,136,4,1537.28,394.14,0,Low Value
14981,147,1,102.12,0.0,0,Low Value
14984,81,1,110.17999999999999,103.09,1,Medium Value
14985,99,2,296.75,0.0,1,Medium Value
14987,266,1,163.2,163.2,0,Low Value
14988,112,1,334.54,0.0,0,Low Value
14995,181,1,119.31,113.92,0,Low Value
14997,79,1,155.28,390.92,1,Medium Value
14998,71,2,429.87,0.0,1,Medium Value
15002,16,4,1641.76,0.0,1,Medium Value
15004,48,1,1246.32,0.0,1,Medium Value
15005,9,19,4327.08,1989.49,1,Medium Value
15007,60,1,156.91,0.0,1,Medium Value
15012,274,1,191.06,231.98,0,Low Value
15014,77,1,117.72999999999999,142.44,1,Medium Value
15016,73,1,170.04,0.0,1,Medium Value
15018,153,2,291.34000000000003,204.87,0,Low Value
15019,167,1,266.0,0.0,0,Low Value
15021,57,5,1119.08,795.74,1,Medium Value
15023,17,8,5110.32,1692.44,1,Medium Value
15024,14,5,845.62,815.71,1,Medium Value
15026,141,2,230.78,238.22,0,Low Value
15027,69,3,966.97,99.18,1,Medium Value
15028,269,1,185.97,441.16,0,Low Value
15030,169,1,152.76,365.52,0,Low Value
15031,11,2,261.79,406.34999999999997,1,Medium Value
15032,157,3,4959.1,0.0,0,Low Value
15033,10,6,1629.1,957.57,1,Medium Value
15034,133,5,2664.83,1643.78,0,Low Value
15036,78,2,245.69,219.85999999999999,1,Medium Value
15038,88,4,517.45,188.04000000000002,1,Medium Value
15039,15,36,17631.71,2282.73,2,High Value
15041,71,1,180.35,0.0,1,Medium Value
15042,100,1,135.93,0.0,1,Medium Value
15044,37,13,5202.28,2497.95,1,Medium Value
15045,52,2,735.66,0.0,1,Medium Value
15046,28,10,3863.33,1350.44,1,Medium Value
15047,170,1,343.62,0.0,0,Low Value
15048,17,3,324.53,59.52,1,Medium Value
15049,174,1,121.17000000000002,0.0,0,Low Value
15051,51,1,377.74,1013.87,1,Medium Value
15052,220,1,215.78,0.0,0,Low Value
15053,57,2,478.6,219.19,1,Medium Value
15057,176,2,1489.5,0.0,0,Low Value
15058,25,7,1245.66,879.33,1,Medium Value
15059,8,7,1008.6,329.12,1,Medium Value
15061,28,37,36575.0,17959.14,2,High Value
15062,118,3,814.04,173.82,0,Low Value
15063,114,1,370.79999999999995,0.0,0,Low Value
15065,65,3,2858.75,299.38,1,Medium Value
15067,183,1,848.05,896.71,0,Low Value
15068,157,1,239.95999999999998,313.4,0,Low Value
15069,80,1,1109.53,0.0,1,Medium Value
15070,273,1,106.2,0.0,0,Low Value
15071,176,1,588.6700000000001,393.40000000000003,0,Low Value
15073,86,2,861.96,181.45,1,Medium Value
15074,6,1,748.87,0.0,1,Medium Value
15076,74,1,880.85,0.0,1,Medium Value
15078,6,22,6702.59,3040.52,1,Medium Value
15079,113,4,895.61,0.0,1,Medium Value
15081,109,2,248.05,256.75,1,Medium Value
15083,157,1,88.2,0.0,0,Low Value
15087,182,1,306.94,0.0,0,Low Value
15089,9,2,1677.23,743.61,1,Medium Value
15090,209,1,381.32,0.0,0,Low Value
15092,116,2,457.81,0.0,0,Low Value
15093,17,5,4027.1,569.9200000000001,1,Medium Value
15095,4,4,1370.6000000000001,0.0,1,Medium Value
15098,83,3,39916.5,0.0,1,Medium Value
15100,234,3,876.0,0.0,0,Low Value
15101,260,1,102.28,215.25,0,Low Value
15104,97,2,1027.44,0.0,1,Medium Value
15105,35,1,532.98,1765.95,1,Medium Value
15106,42,3,1032.83,389.69,1,Medium Value
15107,212,6,319.5,0.0,0,Low Value
15108,42,4,1300.25,0.0,1,Medium Value
15109,146,1,484.95,0.0,0,Low Value
15110,27,2,376.55,619.5500000000001,1,Medium Value
15111,273,1,288.5,1278.98,0,Low Value
15114,17,6,1354.01,1406.55,1,Medium Value
15116,35,2,790.97,561.7800000000001,1,Medium Value
15117,21,2,675.73,876.0500000000001,1,Medium Value
15118,35,1,244.8,0.0,1,Medium Value
15119,146,1,266.4,0.0,0,Low Value
15120,34,1,358.82,0.0,1,Medium Value
15121,189,1,295.15,162.57,0,Low Value
15122,15,3,1633.78,0.0,1,Medium Value
15123,107,1,1069.47,1129.84,1,Medium Value
15124,92,1,90.75,93.44,1,Medium Value
15125,14,12,10795.48,733.0,1,Medium Value
15128,27,3,1170.24,300.76,1,Medium Value
15129,7,10,2796.73,650.67,1,Medium Value
15130,70,1,330.11,0.0,1,Medium Value
15132,6,3,842.23,135.70000000000002,1,Medium Value
15133,28,3,982.42,0.0,1,Medium Value
15134,28,4,614.86,773.13,1,Medium Value
15135,140,1,139.05,0.0,0,Low Value
15139,140,2,178.96,0.0,0,Low Value
15140,16,5,1728.11,626.14,1,Medium Value
15143,126,1,259.45,0.0,0,Low Value
15144,14,9,2968.94,3611.5,1,Medium Value
15145,128,2,724.03,470.7,0,Low Value
15146,65,2,1327.16,0.0,1,Medium Value
15147,141,1,623.5,0.0,0,Low Value
15149,34,1,520.8000000000001,0.0,1,Medium Value
15150,10,5,3569.62,1744.85,1,Medium Value
15152,14,6,2383.21,2362.48,1,Medium Value
15157,55,2,1505.37,430.70000000000005,1,Medium Value
15159,13,18,8969.97,9671.04,1,Medium Value
15160,258,1,158.16,0.0,0,Low Value
15163,93,1,155.0,149.47,1,Medium Value
15164,109,2,368.18,474.87,1,Medium Value
15165,274,1,487.75,0.0,0,Low Value
15167,221,1,163.0,0.0,0,Low Value
15171,232,1,1289.5,0.0,0,Low Value
15172,36,3,886.74,737.31,1,Medium Value
15174,223,1,135.75,0.0,0,Low Value
15178,161,1,40.5,0.0,0,Low Value
15179,134,3,1455.1200000000001,751.83,0,Low Value
15180,268,1,87.5,0.0,0,Low Value
15181,76,2,435.0,254.48,1,Medium Value
15182,55,2,622.85,0.0,1,Medium Value
15184,91,1,235.23000000000002,171.53,1,Medium Value
15186,69,1,229.26000000000002,182.15,1,Medium Value
15187,30,4,1552.04,3225.14,1,Medium Value
15189,7,28,11128.54,5096.85,1,Medium Value
15192,20,3,1044.32,0.0,1,Medium Value
15194,27,11,4469.53,3147.0,1,Medium Value
15197,153,2,773.25,306.36,0,Low Value
15198,25,1,107.64,86.0,1,Medium Value
15199,136,2,657.15,611.55,0,Low Value
15201,27,4,933.26,303.28,1,Medium Value
15203,6,4,1328.32,499.48,1,Medium Value
15204,258,1,316.58,0.0,0,Low Value
15205,28,1,476.29999999999995,176.94,1,Medium Value
15206,46,2,53.10000000000001,367.20000000000005,1,Medium Value
15208,64,2,323.52,546.6,1,Medium Value
15210,126,1,331.18,0.0,0,Low Value
15211,266,1,383.07,511.34000000000003,0,Low Value
15212,142,1,101.8,0.0,0,Low Value
15213,219,2,328.35,0.0,0,Low Value
15214,84,2,651.63,1009.8100000000001,1,Medium Value
15218,17,8,3865.35,1891.54,1,Medium Value
15219,77,1,305.75,0.0,1,Medium Value
15220,16,5,1284.05,494.91,1,Medium Value
15221,267,1,403.25,0.0,0,Low Value
15222,220,1,585.0,0.0,0,Low Value
15223,126,2,755.75,0.0,0,Low Value
15224,259,2,322.08,0.0,0,Low Value
15225,135,1,409.40000000000003,0.0,0,Low Value
15226,211,1,154.41,0.0,0,Low Value
15227,116,3,876.82,342.58,1,Medium Value
15228,30,3,2224.03,1162.68,1,Medium Value
15230,140,2,429.6,0.0,0,Low Value
15232,14,2,612.06,0.0,1,Medium Value
15234,177,1,197.0,0.0,0,Low Value
15235,118,12,2247.51,0.0,1,Medium Value
15236,199,1,321.05,0.0,0,Low Value
15237,104,2,1093.65,318.67,1,Medium Value
15238,85,1,300.14,771.85,1,Medium Value
15240,92,3,1045.38,661.19,1,Medium Value
15241,28,6,1344.86,411.58000000000004,1,Medium Value
15244,149,1,297.94,333.63,0,Low Value
15245,35,3,2515.84,0.0,1,Medium Value
15246,139,2,514.15,0.0,0,Low Value
15247,23,1,356.0,0.0,1,Medium Value
15249,8,10,5357.03,1331.43,1,Medium Value
15251,7,7,7452.12,3032.87,1,Medium Value
15252,84,1,300.55,440.23,1,Medium Value
15253,70,1,173.85,744.35,1,Medium Value
15254,28,1,300.36,0.0,1,Medium Value
15256,49,1,98.45,0.0,1,Medium Value
15257,184,1,317.15,0.0,0,Low Value
15258,69,2,623.16,0.0,1,Medium Value
15260,1,7,1810.77,0.0,1,Medium Value
15261,36,1,254.82,0.0,1,Medium Value
15262,224,1,178.95000000000002,0.0,0,Low Value
15263,7,1,156.51,0.0,1,Medium Value
15265,52,2,1506.1200000000001,0.0,1,Medium Value
15266,239,1,119.3,0.0,0,Low Value
15267,56,2,1407.76,309.6,1,Medium Value
15270,18,5,1850.29,529.2,1,Medium Value
15271,17,9,1372.34,1134.73,1,Medium Value
15279,255,1,290.51,0.0,0,Low Value
15280,73,1,113.12,0.0,1,Medium Value
15281,37,8,2191.78,140.37,1,Medium Value
15288,56,4,2006.36,300.15999999999997,1,Medium Value
15289,38,2,697.98,241.8,1,Medium Value
15290,4,12,3392.59,4550.63,1,Medium Value
15291,73,11,3306.27,1362.03,1,Medium Value
15292,102,1,180.94,0.0,1,Medium Value
15296,10,5,2599.4900000000002,1073.37,1,Medium Value
15298,43,6,2767.2,2032.7,1,Medium Value
15299,65,5,3035.01,1472.0,1,Medium Value
15301,14,9,3747.8,1322.55,1,Medium Value
15303,191,1,574.02,0.0,0,Low Value
15304,66,6,491.90000000000003,202.5,1,Medium Value
15306,49,1,344.62,829.73,1,Medium Value
15308,175,1,310.47,0.0,0,Low Value
15311,13,63,45131.27,15636.63,2,High Value
15312,4,3,794.8000000000001,130.05,1,Medium Value
15313,11,1,52.0,0.0,1,Medium Value
15314,100,1,327.97,0.0,1,Medium Value
15315,17,1,233.54,336.96,1,Medium Value
15316,227,1,165.0,0.0,0,Low Value
15319,184,1,204.5,0.0,0,Low Value
15321,192,1,1159.47,1588.8400000000001,0,Low Value
15325,4,1,162.29,0.0,1,Medium Value
15326,234,1,311.71,0.0,0,Low Value
15329,35,2,754.0,295.7,1,Medium Value
15332,267,4,1661.06,0.0,0,Low Value
15333,109,1,1028.56,0.0,1,Medium Value
15334,57,3,351.67,0.0,1,Medium Value
15339,219,1,257.9,316.17,0,Low Value
15342,30,1,406.09000000000003,0.0,1,Medium Value
15346,233,1,252.42000000000002,0.0,0,Low Value
15347,267,1,201.60000000000002,0.0,0,Low Value
15349,59,2,473.81,0.0,1,Medium Value
15350,274,1,115.65,0.0,0,Low Value
15351,270,1,274.67,1685.44,0,Low Value
15353,155,2,777.02,0.0,0,Low Value
15356,6,8,2279.64,486.86,1,Medium Value
15358,21,15,5639.81,2707.39,1,Medium Value
15361,262,1,418.92,0.0,0,Low Value
15363,273,1,326.0,0.0,0,Low Value
15364,155,1,331.8,581.39,0,Low Value
15365,216,1,208.61,2105.71,0,Low Value
15366,259,1,105.54,496.97,0,Low Value
15367,146,2,1416.18,461.41,0,Low Value
15370,42,4,1513.46,872.5899999999999,1,Medium Value
15372,38,1,2007.4,0.0,1,Medium Value
15373,16,9,1686.9,729.01,1,Medium Value
15374,29,1,168.0,0.0,1,Medium Value
15376,18,2,989.02,244.34,1,Medium Value
15379,70,7,3703.29,0.0,1,Medium Value
15380,42,2,582.56,1107.7,1,Medium Value
15381,114,2,596.85,0.0,0,Low Value
15382,85,4,2127.12,3828.59,1,Medium Value
15384,70,2,642.41,0.0,1,Medium Value
15386,87,1,394.14,0.0,1,Medium Value
15388,171,1,140.54,0.0,0,Low Value
15389,73,1,500.0,0.0,1,Medium Value
15392,261,1,338.98,1196.55,0,Low Value
15393,182,1,124.10000000000001,107.76,0,Low Value
15394,105,2,1436.44,747.1,1,Medium Value
15395,226,1,107.45,0.0,0,Low Value
15396,13,1,288.18,0.0,1,Medium Value
15397,190,1,94.0,0.0,0,Low Value
15400,14,4,611.2,105.0,1,Medium Value
15402,49,2,626.77,0.0,1,Medium Value
15405,90,1,349.1,0.0,1,Medium Value
15406,202,1,252.29,258.42,0,Low Value
15407,84,3,740.73,315.71,1,Medium Value
15408,165,1,267.18,0.0,0,Low Value
15410,30,6,2702.67,748.1700000000001,1,Medium Value
15411,25,2,382.21000000000004,976.67,1,Medium Value
15412,72,1,190.53,0.0,1,Medium Value
15414,143,1,36.2,738.7,0,Low Value
15415,214,1,572.8100000000001,0.0,0,Low Value
15416,56,3,3144.33,839.99,1,Medium Value
15421,116,3,739.36,211.0,1,Medium Value
15422,224,2,97.7,0.0,0,Low Value
15424,155,2,383.34,0.0,0,Low Value
15426,158,2,662.98,784.41,0,Low Value
15433,114,2,533.3,0.0,0,Low Value
15434,8,3,587.28,454.20000000000005,1,Medium Value
15436,135,1,489.05,633.48,0,Low Value
15437,163,1,200.16,0.0,0,Low Value
15438,32,1,156.57999999999998,0.0,1,Medium Value
15440,37,2,237.66,146.02,1,Medium Value
15442,149,1,594.0,0.0,0,Low Value
15443,10,2,684.8,2552.11,1,Medium Value
15445,165,1,113.5,0.0,0,Low Value
15447,231,1,155.17000000000002,0.0,0,Low Value
15448,213,1,494.64,0.0,0,Low Value
15449,86,2,647.7,326.82,1,Medium Value
15452,165,1,247.25,291.48,0,Low Value
15453,32,3,485.01,903.36,1,Medium Value
15454,263,1,179.1,0.0,0,Low Value
15456,184,3,447.22,0.0,0,Low Value
15457,163,1,237.07,0.0,0,Low Value
15460,255,1,216.76,0.0,0,Low Value
15462,44,2,169.8,64.8,1,Medium Value
15464,239,1,1048.85,0.0,0,Low Value
15465,39,15,5992.129999999999,1362.49,1,Medium Value
15467,46,2,402.56,122.32,1,Medium Value
15469,21,1,304.3,234.25,1,Medium Value
15472,14,1,371.56,0.0,1,Medium Value
15480,17,1,905.5,0.0,1,Medium Value
15482,66,4,2103.5,8951.46,1,Medium Value
15483,62,4,233.81,0.0,1,Medium Value
15485,237,2,1278.63,1296.37,0,Low Value
15489,112,1,348.26,786.02,0,Low Value
15491,1,5,2800.9300000000003,299.16,1,Medium Value
15493,50,3,1318.75,683.05,1,Medium Value
15494,22,1,1127.38,171.85,1,Medium Value
15497,220,1,970.6,291.6,0,Low Value
15498,21,19,9126.37,4190.03,1,Medium Value
15502,24,5,5955.53,4429.4,1,Medium Value
15503,263,1,147.09,0.0,0,Low Value
15505,14,3,2091.14,1519.82,1,Medium Value
15506,39,1,209.35,769.91,1,Medium Value
15507,72,1,492.36,0.0,1,Medium Value
15508,90,6,1000.27,0.0,1,Medium Value
15510,231,1,250.0,0.0,0,Low Value
15512,56,2,121.0,0.0,1,Medium Value
15513,7,15,8928.87,5829.35,1,Medium Value
15514,126,6,2561.94,1577.52,1,Medium Value
15517,134,1,267.03,0.0,0,Low Value
15518,25,7,1624.76,317.69,1,Medium Value
15521,49,5,2116.98,883.22,1,Medium Value
15525,274,1,313.93,511.99,0,Low Value
15527,45,5,1330.79,1098.99,1,Medium Value
15528,155,1,229.33,0.0,0,Low Value
15529,43,8,2399.08,1596.15,1,Medium Value
15530,50,3,1168.73,333.62,1,Medium Value
15532,32,3,1225.79,355.14,1,Medium Value
15535,74,4,536.4,0.0,1,Medium Value
15537,64,1,110.92,0.0,1,Medium Value
15541,15,1,85.13000000000001,0.0,1,Medium Value
15543,189,1,127.86,0.0,0,Low Value
15544,20,7,2772.37,774.34,1,Medium Value
15545,272,1,135.32999999999998,157.39000000000001,0,Low Value
15547,11,8,2770.71,2184.13,1,Medium Value
15549,58,2,1631.68,61.58,1,Medium Value
15550,7,3,433.28,142.35,1,Medium Value
15552,118,1,90.12,0.0,0,Low Value
15554,178,1,217.2,0.0,0,Low Value
15555,4,10,2819.94,1985.23,1,Medium Value
15561,50,3,449.66999999999996,350.92,1,Medium Value
15562,252,1,134.55,0.0,0,Low Value
15563,101,2,735.62,664.82,1,Medium Value
15569,4,5,1375.71,0.0,1,Medium Value
15570,42,9,2826.68,1338.84,1,Medium Value
15572,10,4,1555.29,997.5699999999999,1,Medium Value
15574,78,4,702.25,0.0,1,Medium Value
15577,52,3,258.88,0.0,1,Medium Value
15578,63,1,127.1,0.0,1,Medium Value
15579,214,1,199.6,149.0,0,Low Value
15581,21,13,3679.9700000000003,0.0,1,Medium Value
15582,1,2,541.51,141.4,1,Medium Value
15584,63,1,154.65,570.46,1,Medium Value
15585,77,1,455.3,0.0,1,Medium Value
15587,43,2,456.84,456.84000000000003,1,Medium Value
15589,156,3,478.53,0.0,0,Low Value
15594,135,1,267.91,1503.8700000000001,0,Low Value
15596,1,5,1406.59,0.0,1,Medium Value
15599,105,1,448.83,312.91,1,Medium Value
15601,23,11,5585.46,1191.1,1,Medium Value
15602,101,5,542.95,754.92,1,Medium Value
15605,153,3,690.1800000000001,508.05,0,Low Value
15606,20,8,2439.38,480.78,1,Medium Value
15607,237,1,104.76,0.0,0,Low Value
15608,21,1,285.68,808.0,1,Medium Value
15609,85,1,298.48,0.0,1,Medium Value
15611,4,8,947.14,644.3100000000001,1,Medium Value
15615,6,19,7367.85,3031.89,1,Medium Value
15618,37,1,222.831,554.02,1,Medium Value
15620,121,2,875.01,678.17,0,Low Value
15622,98,5,2602.0,1107.56,1,Medium Value
15623,42,1,301.03000000000003,0.0,1,Medium Value
15624,17,4,588.13,0.0,1,Medium Value
15625,4,4,1534.26,0.0,1,Medium Value
15626,230,1,281.88,393.92,0,Low Value
15628,29,4,1313.55,1556.69,1,Medium Value
15630,105,1,396.86,789.49,1,Medium Value
15632,22,6,2351.84,933.47,1,Medium Value
15636,183,1,306.7,418.06,0,Low Value
15639,35,1,425.32,0.0,1,Medium Value
15640,22,11,8919.34,3596.32,1,Medium Value
15641,6,4,1887.2,0.0,1,Medium Value
15643,93,3,664.0,0.0,1,Medium Value
15644,67,4,813.0,0.0,1,Medium Value
15646,58,3,447.64000000000004,0.0,1,Medium Value
15648,105,2,657.35,0.0,1,Medium Value
15649,237,2,816.0,0.0,0,Low Value
15651,161,1,227.32,418.98,0,Low Value
15653,16,1,48.0,829.44,1,Medium Value
15655,144,1,560.6700000000001,0.0,0,Low Value
15656,79,3,563.63,184.87,1,Medium Value
15658,91,5,1024.1000000000001,0.0,1,Medium Value
15660,36,6,884.34,716.52,1,Medium Value
15661,218,2,309.8,0.0,0,Low Value
15663,7,1,138.14,0.0,1,Medium Value
15665,69,2,2242.01,0.0,1,Medium Value
15668,118,1,76.32000000000001,0.0,0,Low Value
15669,4,3,565.54,118.8,1,Medium Value
15670,197,1,173.05,0.0,0,Low Value
15671,27,4,1334.49,1322.64,1,Medium Value
15673,57,3,2104.39,776.63,1,Medium Value
15674,114,4,1379.6599999999999,1066.94,1,Medium Value
15675,56,2,225.39000000000001,98.30000000000001,1,Medium Value
15676,184,1,897.8,2537.96,0,Low Value
15679,55,2,260.26,521.02,1,Medium Value
15680,267,1,478.89,854.79,0,Low Value
15681,84,3,703.22,722.94,1,Medium Value
15683,18,1,193.75,0.0,1,Medium Value
15687,87,5,1679.45,1313.65,1,Medium Value
15689,20,2,254.1,0.0,1,Medium Value
15690,1,1,111.0,128.76,1,Medium Value
15691,153,1,136.8,0.0,0,Low Value
15694,77,9,3305.7799999999997,3173.62,1,Medium Value
15695,167,2,409.98,0.0,0,Low Value
15696,121,6,1637.9,1098.56,1,Medium Value
15700,73,2,696.68,0.0,1,Medium Value
15701,11,1,857.0,685.14,1,Medium Value
15703,165,1,211.5,0.0,0,Low Value
15704,41,4,2293.62,0.0,1,Medium Value
15705,102,1,143.1,0.0,1,Medium Value
15706,17,1,450.05,610.51,1,Medium Value
15708,39,6,2700.4300000000003,663.8100000000001,1,Medium Value
15709,184,1,133.25,0.0,0,Low Value
15712,10,3,766.3100000000001,306.05,1,Medium Value
15713,44,2,356.7,0.0,1,Medium Value
15716,46,4,1118.81,0.0,1,Medium Value
15717,135,1,150.3,0.0,0,Low Value
15719,27,10,3553.5,1492.1100000000001,1,Medium Value
15722,9,3,1424.8,797.76,1,Medium Value
15723,265,1,203.10000000000002,0.0,0,Low Value
15724,102,2,218.25,0.0,1,Medium Value
15727,8,6,4609.29,569.67,1,Medium Value
15729,113,1,85.0,0.0,0,Low Value
15730,107,1,467.43,653.45,1,Medium Value
15732,113,2,294.12,0.0,0,Low Value
15733,183,1,162.3,0.0,0,Low Value
15734,15,2,1339.45,0.0,1,Medium Value
15737,48,5,897.9300000000001,307.19,1,Medium Value
15738,10,12,3558.41,1254.01,1,Medium Value
15743,14,2,434.05,350.41,1,Medium Value
15745,137,1,302.85,791.74,0,Low Value
15746,35,1,196.88,0.0,1,Medium Value
15747,21,2,549.47,424.57,1,Medium Value
15749,136,3,44534.3,0.0,1,Medium Value
15750,71,4,1109.83,1355.65,1,Medium Value
15752,16,5,1623.63,1013.75,1,Medium Value
15753,205,1,79.2,0.0,0,Low Value
15754,147,1,91.8,366.77,0,Low Value
15755,9,3,1144.83,1219.42,1,Medium Value
15756,53,3,364.84,168.12,1,Medium Value
15757,118,1,261.36,453.06,0,Low Value
15759,119,3,253.04000000000002,0.0,0,Low Value
15764,8,5,3276.62,3.35,1,Medium Value
15768,16,3,621.83,0.0,1,Medium Value
15769,2,19,41863.72,14389.0,2,High Value
15775,146,1,104.9,0.0,0,Low Value
15776,34,1,241.62,0.0,1,Medium Value
15777,142,4,1047.1100000000001,0.0,0,Low Value
15780,84,3,475.28000000000003,0.0,1,Medium Value
15781,38,2,211.3,134.16,1,Medium Value
15785,58,4,1665.8300000000002,663.14,1,Medium Value
15786,15,1,3160.84,1771.3600000000001,1,Medium Value
15789,259,1,351.3,0.0,0,Low Value
15791,105,1,1223.24,389.45000000000005,1,Medium Value
15793,169,1,306.64,658.97,0,Low Value
15795,50,1,610.01,0.0,1,Medium Value
15796,10,5,1575.72,1135.8400000000001,1,Medium Value
15797,14,4,2207.4,0.0,1,Medium Value
15799,86,2,481.24,402.9,1,Medium Value
15800,8,2,699.08,0.0,1,Medium Value
15801,10,1,137.22,926.73,1,Medium Value
15802,43,1,451.42,0.0,1,Medium Value
15804,9,4,2076.91,2129.48,1,Medium Value
15805,7,11,3568.0,1960.48,1,Medium Value
15806,58,2,521.88,262.7,1,Medium Value
15808,207,4,3734.9700000000003,0.0,0,Low Value
15809,85,4,399.21000000000004,116.56,1,Medium Value
15810,71,3,1361.19,30.79,1,Medium Value
15811,6,5,1773.8,444.82,1,Medium Value
15812,8,5,1801.14,0.0,1,Medium Value
15813,109,2,1303.9099999999999,0.0,1,Medium Value
15815,41,4,1874.7,225.9,1,Medium Value
15819,32,3,1585.47,319.98,1,Medium Value
15820,220,1,206.98,0.0,0,Low Value
15822,260,1,440.2,445.27,0,Low Value
15823,273,1,15.0,0.0,0,Low Value
15825,73,1,532.94,0.0,1,Medium Value
15826,111,1,720.0,934.3100000000001,0,Low Value
15827,15,13,1598.16,237.93,1,Medium Value
15829,41,1,325.44,310.7,1,Medium Value
15831,25,2,451.11,350.65,1,Medium Value
15832,155,1,836.79,0.0,0,Low Value
15834,66,3,1791.82,441.93,1,Medium Value
15835,38,3,675.51,278.58,1,Medium Value
15838,9,12,14153.5,19489.58,1,Medium Value
15839,49,1,299.18,749.3100000000001,1,Medium Value
15840,73,1,241.74,113.82,1,Medium Value
15841,119,2,613.26,610.8000000000001,0,Low Value
15843,204,1,118.95,0.0,0,Low Value
15845,45,5,2526.76,1185.01,1,Medium Value
15847,189,1,180.68,208.59,0,Low Value
15850,69,1,118.88,119.97,1,Medium Value
15852,87,2,160.71,0.0,1,Medium Value
15854,41,9,2393.69,580.96,1,Medium Value
15855,37,5,712.24,0.0,1,Medium Value
15856,1,15,10098.45,6289.12,1,Medium Value
15858,190,2,816.22,622.63,0,Low Value
15860,25,5,654.28,322.93,1,Medium Value
15861,35,3,1130.0,2035.36,1,Medium Value
15862,13,3,659.73,173.15,1,Medium Value
15863,93,1,9.2,59.64,1,Medium Value
15864,78,2,414.26,1522.06,1,Medium Value
15865,114,1,313.93,581.2,0,Low Value
15866,2,1,230.53,0.0,1,Medium Value
15867,14,12,2949.91,862.73,1,Medium Value
15869,178,2,149.64,0.0,0,Low Value
15874,78,6,2207.75,2198.13,1,Medium Value
15880,270,1,343.28,0.0,0,Low Value
15881,213,5,501.39,0.0,0,Low Value
15882,99,4,516.36,0.0,1,Medium Value
15885,210,1,15.0,364.35,0,Low Value
15889,57,2,446.87,0.0,1,Medium Value
15891,127,1,524.52,0.0,0,Low Value
15894,154,2,263.55,0.0,0,Low Value
15895,50,1,179.17,0.0,1,Medium Value
15897,95,2,222.05,0.0,1,Medium Value
15898,127,4,1002.99,385.89,0,Low Value
15899,269,1,56.25,0.0,0,Low Value
15901,55,1,110.49,253.39,1,Medium Value
15903,128,2,641.64,4485.12,0,Low Value
15906,45,4,797.71,769.98,1,Medium Value
15907,77,2,529.52,437.93,1,Medium Value
15909,74,1,191.94,0.0,1,Medium Value
15910,108,4,550.61,681.57,1,Medium Value
15912,79,2,264.62,0.0,1,Medium Value
15916,92,5,848.53,679.5600000000001,1,Medium Value
15917,148,1,123.1,0.0,0,Low Value
15918,91,2,334.23,0.0,1,Medium Value
15919,269,1,270.72,369.17,0,Low Value
15920,55,4,167.5,0.0,1,Medium Value
15921,73,1,336.03000000000003,0.0,1,Medium Value
15922,274,1,369.5,0.0,0,Low Value
15923,273,1,127.08,0.0,0,Low Value
15925,95,1,207.15,0.0,1,Medium Value
15932,8,6,1885.95,609.92,1,Medium Value
15935,140,2,416.86,0.0,0,Low Value
15938,13,5,404.58000000000004,0.0,1,Medium Value
15939,8,14,5860.25,254.76000000000002,1,Medium Value
15940,212,1,35.8,0.0,0,Low Value
15942,34,1,337.44,0.0,1,Medium Value
15944,177,1,325.1,0.0,0,Low Value
15945,266,1,181.0,0.0,0,Low Value
15950,7,2,1091.38,674.13,1,Medium Value
15951,186,1,375.17,333.05,0,Low Value
15952,60,2,327.8,478.77,1,Medium Value
15953,112,4,826.14,833.24,1,Medium Value
15955,7,8,2463.65,1952.6100000000001,1,Medium Value
15965,268,1,156.19,689.45,0,Low Value
15967,219,1,173.8,245.03,0,Low Value
15969,86,1,308.7,357.4,1,Medium Value
15970,204,1,314.09999999999997,0.0,0,Low Value
15971,9,7,2109.45,2090.4,1,Medium Value
15973,267,1,307.82000000000005,0.0,0,Low Value
15974,34,5,2547.13,895.02,1,Medium Value
15976,66,2,430.94,0.0,1,Medium Value
15980,155,1,760.18,1638.68,0,Low Value
15981,38,6,2458.2,950.28,1,Medium Value
15983,261,3,1148.27,326.75,0,Low Value
15984,1,7,1848.76,988.91,1,Medium Value
15985,24,2,1142.42,0.0,1,Medium Value
15987,21,6,1206.42,244.86,1,Medium Value
15990,188,1,401.37,390.74,0,Low Value
15996,17,5,907.86,152.82,1,Medium Value
15998,72,3,2112.06,977.91,1,Medium Value
16003,35,3,1793.9,941.47,1,Medium Value
16005,83,2,298.08,317.31,1,Medium Value
16006,112,1,101.4,0.0,0,Low Value
16007,81,2,733.45,968.49,1,Medium Value
16008,105,1,139.15,339.63,1,Medium Value
16009,60,1,462.19,530.52,1,Medium Value
16010,146,3,407.5,0.0,0,Low Value
16011,20,10,1725.28,1637.43,1,Medium Value
16012,29,2,1132.12,283.17,1,Medium Value
16013,10,34,21587.74,15542.86,2,High Value
16014,53,2,529.9300000000001,132.45000000000002,1,Medium Value
16016,97,4,817.57,691.19,1,Medium Value
16018,81,1,161.9,247.0,1,Medium Value
16019,37,7,2952.25,833.99,1,Medium Value
16022,161,1,628.28,0.0,0,Low Value
16023,93,2,500.69,219.12,1,Medium Value
16027,38,5,776.22,158.4,1,Medium Value
16029,8,46,52387.24,28637.6,2,High Value
16030,210,1,331.24,0.0,0,Low Value
16031,148,1,305.63,243.31,0,Low Value
16033,9,16,5878.3,2938.1,1,Medium Value
16034,97,3,437.70000000000005,0.0,1,Medium Value
16036,164,1,188.73000000000002,570.19,0,Low Value
16037,170,3,855.02,0.0,0,Low Value
16038,78,2,393.33,78.45,1,Medium Value
16040,49,2,876.1800000000001,437.37,1,Medium Value
16041,42,2,2739.8,426.6,1,Medium Value
16042,8,2,460.28,736.99,1,Medium Value
16043,112,3,676.49,97.5,1,Medium Value
16045,20,4,1340.7,0.0,1,Medium Value
16048,274,2,256.44,0.0,0,Low Value
16050,74,1,137.9,0.0,1,Medium Value
16053,23,1,1124.19,387.76,1,Medium Value
16054,46,1,783.9,0.0,1,Medium Value
16055,121,1,134.8,0.0,0,Low Value
16057,112,3,1059.54,1203.58,1,Medium Value
16059,64,4,951.3000000000001,508.56,1,Medium Value
16062,34,3,778.14,375.48,1,Medium Value
16063,161,1,335.32,0.0,0,Low Value
16065,266,1,372.09,0.0,0,Low Value
16066,25,1,316.38,1205.49,1,Medium Value
16072,189,1,584.3199999999999,0.0,0,Low Value
16073,198,1,122.4,0.0,0,Low Value
16076,21,3,887.8000000000001,1346.93,1,Medium Value
16078,184,1,79.2,0.0,0,Low Value
16080,175,1,130.26,86.9,0,Low Value
16081,86,3,992.37,1814.53,1,Medium Value
16083,1,2,1317.62,0.0,1,Medium Value
16084,200,1,436.18,0.0,0,Low Value
16085,137,2,325.04,656.47,0,Low Value
16086,101,3,587.0600000000001,534.33,1,Medium Value
16091,55,2,315.06,0.0,1,Medium Value
16092,15,3,817.86,0.0,1,Medium Value
16093,7,1,17.0,0.0,1,Medium Value
16094,120,1,252.1,826.13,0,Low Value
16096,165,1,320.62,0.0,0,Low Value
16097,141,1,185.04999999999998,0.0,0,Low Value
16098,29,6,1712.49,293.14,1,Medium Value
16099,38,2,592.1,139.8,1,Medium Value
16102,29,1,839.76,1002.38,1,Medium Value
16103,58,4,1156.4,273.24,1,Medium Value
16105,149,1,336.96,0.0,0,Low Value
16107,4,3,1494.1200000000001,1710.04,1,Medium Value
16109,119,2,611.88,0.0,0,Low Value
16110,163,2,693.93,643.55,0,Low Value
16112,44,4,195.74,0.0,1,Medium Value
16113,84,1,161.38,0.0,1,Medium Value
16114,71,1,135.75000000000003,0.0,1,Medium Value
16115,18,5,931.68,736.29,1,Medium Value
16116,112,1,612.78,0.0,0,Low Value
16117,90,1,232.21,0.0,1,Medium Value
16121,116,1,287.89,579.22,0,Low Value
16122,13,3,550.26,134.16,1,Medium Value
16124,218,1,249.0,0.0,0,Low Value
16125,268,1,289.35,0.0,0,Low Value
16126,2,3,3706.7,2581.07,1,Medium Value
16128,44,2,694.7,1185.52,1,Medium Value
16131,16,4,2278.5,1228.04,1,Medium Value
16133,2,23,10619.27,3969.77,1,Medium Value
16134,260,1,283.53000000000003,334.56,0,Low Value
16135,163,1,517.55,0.0,0,Low Value
16136,178,1,159.3,550.08,0,Low Value
16139,13,2,306.37,329.04,1,Medium Value
16140,272,1,124.14,601.04,0,Low Value
16142,150,1,535.34,0.0,0,Low Value
16143,9,5,1949.3600000000001,475.58000000000004,1,Medium Value
16144,147,1,175.2,0.0,0,Low Value
16145,24,7,2282.3,1517.19,1,Medium Value
16146,58,3,734.13,0.0,1,Medium Value
16147,34,1,375.0,0.0,1,Medium Value
16148,197,1,76.32000000000001,0.0,0,Low Value
16149,43,1,163.68,116.84,1,Medium Value
16150,29,3,1408.7,644.32,1,Medium Value
16152,169,1,1829.04,0.0,0,Low Value
16153,16,4,1023.54,800.69,1,Medium Value
16156,52,5,1445.17,1676.8700000000001,1,Medium Value
16159,182,1,348.2,0.0,0,Low Value
16161,41,12,3063.7,2511.86,1,Medium Value
16162,153,1,37.4,0.0,0,Low Value
16163,133,2,856.6,0.0,0,Low Value
16168,4,16,2361.2,1426.4,1,Medium Value
16170,13,5,1560.66,324.39,1,Medium Value
16172,31,3,800.35,339.86,1,Medium Value
16174,27,3,1009.55,0.0,1,Medium Value
16175,70,3,736.89,300.7,1,Medium Value
16178,39,1,197.9,0.0,1,Medium Value
16180,1,8,10254.18,0.0,1,Medium Value
16182,31,3,4844.0,1773.65,1,Medium Value
16184,6,5,985.8000000000001,172.99,1,Medium Value
16185,133,1,335.0,194.41,0,Low Value
16186,4,9,2696.5299999999997,1310.41,1,Medium Value
16187,14,10,4601.32,2310.12,1,Medium Value
16188,42,3,755.03,226.83,1,Medium Value
16191,163,8,2615.68,2564.84,0,Low Value
16193,137,1,314.45,0.0,0,Low Value
16200,65,1,550.57,530.05,1,Medium Value
16201,10,1,303.8,1559.67,1,Medium Value
16202,261,1,365.27,0.0,0,Low Value
16203,48,3,378.3,214.6,1,Medium Value
16205,80,1,112.35,649.03,1,Medium Value
16206,25,3,409.86,127.19999999999999,1,Medium Value
16208,190,1,497.59000000000003,166.67000000000002,0,Low Value
16209,20,4,2116.9,145.72,1,Medium Value
16210,17,10,10904.08,10182.22,1,Medium Value
16212,184,1,498.15000000000003,192.19,0,Low Value
16214,71,3,1062.75,0.0,1,Medium Value
16216,168,1,914.9300000000001,0.0,0,Low Value
16217,136,2,304.25,0.0,0,Low Value
16218,15,6,2635.48,449.2,1,Medium Value
16221,176,2,315.37,549.49,0,Low Value
16222,219,1,846.72,0.0,0,Low Value
16224,42,3,865.88,429.42,1,Medium Value
16225,50,4,953.64,142.68,1,Medium Value
16226,104,3,255.12,0.0,1,Medium Value
16227,126,1,314.22,0.0,0,Low Value
16229,113,1,358.2,652.4,0,Low Value
16230,90,2,542.03,0.0,1,Medium Value
16232,44,3,725.04,265.84,1,Medium Value
16233,230,2,326.5,210.18,0,Low Value
16235,87,3,665.29,202.02,1,Medium Value
16239,90,1,347.9,66.3,1,Medium Value
16241,15,8,1507.8700000000001,1100.0,1,Medium Value
16242,66,3,846.59,2756.62,1,Medium Value
16244,112,2,1522.75,0.0,1,Medium Value
16245,22,2,769.7,643.96,1,Medium Value
16247,71,1,114.56,0.0,1,Medium Value
16249,13,4,1440.77,359.3,1,Medium Value
16250,162,2,389.44,0.0,0,Low Value
16253,156,1,1700.4,1983.46,0,Low Value
16255,32,6,1797.75,822.16,1,Medium Value
16256,167,1,752.4300000000001,0.0,0,Low Value
16257,77,1,46.95,0.0,1,Medium Value
16258,28,4,3741.0600000000004,1462.45,1,Medium Value
16261,14,2,418.38,328.45,1,Medium Value
16265,11,7,4062.02,1384.98,1,Medium Value
16266,16,6,761.12,100.77,1,Medium Value
16270,254,1,1141.24,0.0,0,Low Value
16271,27,3,893.03,536.21,1,Medium Value
16272,17,1,411.7,0.0,1,Medium Value
16274,274,1,357.95,0.0,0,Low Value
16275,97,1,559.87,0.0,1,Medium Value
16276,77,1,810.6,0.0,1,Medium Value
16278,1,1,566.38,0.0,1,Medium Value
16279,77,1,359.08000000000004,1150.5,1,Medium Value
16282,240,1,168.3,0.0,0,Low Value
16283,21,3,586.35,984.46,1,Medium Value
16287,70,1,142.5,0.0,1,Medium Value
16292,22,1,302.25,0.0,1,Medium Value
16293,108,4,1129.74,1119.25,1,Medium Value
16297,169,1,301.9,0.0,0,Low Value
16298,87,1,114.30000000000001,483.90000000000003,1,Medium Value
16302,27,1,233.22,0.0,1,Medium Value
16303,16,2,4036.33,1324.3,1,Medium Value
16305,39,1,361.22,0.0,1,Medium Value
16306,114,6,632.27,0.0,1,Medium Value
16308,8,3,1600.0,960.0,1,Medium Value
16309,7,2,706.57,0.0,1,Medium Value
16315,231,1,226.37,0.0,0,Low Value
16316,58,7,2212.81,726.1,1,Medium Value
16317,20,3,1341.65,0.0,1,Medium Value
16319,118,1,404.40000000000003,0.0,0,Low Value
16320,73,2,1038.46,0.0,1,Medium Value
16321,206,3,223.65,150.0,0,Low Value
16323,97,1,207.50000000000003,0.0,1,Medium Value
16324,29,3,428.68,0.0,1,Medium Value
16325,56,2,416.02000000000004,178.22,1,Medium Value
16326,18,7,1224.92,1886.04,1,Medium Value
16327,100,4,2469.64,1374.58,1,Medium Value
16330,13,2,48.96,202.95,1,Medium Value
16332,31,3,659.27,933.9300000000001,1,Medium Value
16333,24,17,14369.2,12257.6,1,Medium Value
16338,58,1,214.8,0.0,1,Medium Value
16339,185,1,109.95,0.0,0,Low Value
16340,8,1,549.07,0.0,1,Medium Value
16341,102,1,797.65,1174.22,1,Medium Value
16342,8,3,283.71000000000004,38.7,1,Medium Value
16344,59,1,101.10000000000001,0.0,1,Medium Value
16348,29,4,775.14,694.31,1,Medium Value
16349,191,1,53.5,0.0,0,Low Value
16350,234,1,376.7,739.77,0,Low Value
16351,233,1,153.9,0.0,0,Low Value
16353,4,13,3325.9100000000003,3349.8,1,Medium Value
16356,98,3,211.77,0.0,1,Medium Value
16357,63,2,257.95,400.93,1,Medium Value
16358,85,1,462.15000000000003,1565.3500000000001,1,Medium Value
16359,77,6,1246.83,504.09000000000003,1,Medium Value
16364,38,1,347.55,359.49,1,Medium Value
16365,24,7,862.56,677.86,1,Medium Value
16367,263,1,170.91,633.58,0,Low Value
16369,97,1,354.45,1199.21,1,Medium Value
16370,18,3,953.11,367.45,1,Medium Value
16374,163,1,156.3,316.73,0,Low Value
16377,168,1,676.2,0.0,0,Low Value
16378,148,3,362.95,0.0,0,Low Value
16383,169,1,309.46,358.9,0,Low Value
16384,164,1,409.1,175.4,0,Low Value
16385,59,2,274.85,281.04,1,Medium Value
16386,154,1,61.10000000000001,256.1,0,Low Value
16387,223,1,94.36,0.0,0,Low Value
16389,106,2,670.1700000000001,711.9,1,Medium Value
16392,170,1,221.19,0.0,0,Low Value
16393,43,8,1506.63,1539.58,1,Medium Value
16394,72,3,933.1,622.24,1,Medium Value
16395,69,3,967.25,519.65,1,Medium Value
16398,55,2,1705.8,0.0,1,Medium Value
16399,136,1,178.41,230.16,0,Low Value
16401,32,7,2455.42,1642.9,1,Medium Value
16402,165,2,299.6,0.0,0,Low Value
16403,213,1,177.5,0.0,0,Low Value
16405,203,2,167.25,0.0,0,Low Value
16407,11,8,1529.6200000000001,597.31,1,Medium Value
16409,51,3,1039.27,989.61,1,Medium Value
16411,270,1,131.5,83.15,0,Low Value
16414,181,1,50.8,75.45,0,Low Value
16418,127,1,145.91,529.36,0,Low Value
16419,13,6,972.23,0.0,1,Medium Value
16422,8,38,28566.72,6117.68,2,High Value
16424,92,1,133.56,0.0,1,Medium Value
16425,203,1,302.7,0.0,0,Low Value
16426,177,1,328.37,1579.88,0,Low Value
16427,164,2,241.06,0.0,0,Low Value
16429,7,1,284.55,0.0,1,Medium Value
16431,114,3,642.81,0.0,1,Medium Value
16434,93,3,724.22,798.03,1,Medium Value
16440,115,1,272.46,3368.21,0,Low Value
16441,192,1,211.0,170.2,0,Low Value
16442,128,2,437.03,179.76,0,Low Value
16444,95,2,240.08,414.59,1,Medium Value
16446,106,1,2.9,168469.6,1,Medium Value
16447,36,1,259.01,0.0,1,Medium Value
16448,99,1,188.89000000000001,0.0,1,Medium Value
16449,98,2,707.69,0.0,1,Medium Value
16450,50,1,311.92,0.0,1,Medium Value
16455,105,5,1133.78,707.4,1,Medium Value
16456,4,4,1700.77,457.6,1,Medium Value
16457,119,1,208.36,0.0,0,Low Value
16458,7,11,2151.5,1331.24,1,Medium Value
16461,78,1,151.42,0.0,1,Medium Value
16462,86,2,68.0,68.0,1,Medium Value
16463,105,1,319.37,1103.03,1,Medium Value
16464,43,1,385.0,929.68,1,Medium Value
16466,4,5,1002.1800000000001,601.28,1,Medium Value
16469,147,2,276.88,373.55,0,Low Value
16470,16,3,539.13,223.26,1,Medium Value
16471,175,1,223.95000000000002,0.0,0,Low Value
16473,65,3,316.11,0.0,1,Medium Value
16474,46,1,355.57,1515.93,1,Medium Value
16475,44,3,459.3,85.0,1,Medium Value
16477,32,6,1999.26,495.20000000000005,1,Medium Value
16483,93,1,139.35,0.0,1,Medium Value
16484,74,2,404.3,0.0,1,Medium Value
16488,15,2,354.57,144.23000000000002,1,Medium Value
16493,74,3,782.29,569.34,1,Medium Value
16494,197,1,826.53,0.0,0,Low Value
16495,177,2,246.51,437.9,0,Low Value
16496,108,2,1185.04,414.48,1,Medium Value
16497,104,5,1550.7,1414.99,1,Medium Value
16498,62,2,100.97,0.0,1,Medium Value
16499,261,2,365.45,0.0,0,Low Value
16500,231,1,165.0,235.86,0,Low Value
16503,7,4,1431.93,0.0,1,Medium Value
16509,197,1,363.70000000000005,0.0,0,Low Value
16510,273,1,248.1,0.0,0,Low Value
16511,45,2,582.7,367.56,1,Medium Value
16515,51,3,987.61,639.52,1,Medium Value
16517,178,1,162.70000000000002,0.0,0,Low Value
16518,185,1,190.7,293.62,0,Low Value
16519,266,1,103.7,111.38,0,Low Value
16520,87,3,1046.57,0.0,1,Medium Value
16523,16,12,4768.25,4650.22,1,Medium Value
16525,18,20,9998.55,3028.9,1,Medium Value
16526,72,1,290.36,0.0,1,Medium Value
16529,91,1,455.25,0.0,1,Medium Value
16531,28,4,684.53,560.0600000000001,1,Medium Value
16532,36,2,4516.8,2232.0,1,Medium Value
16536,11,1,548.97,0.0,1,Medium Value
16539,120,3,1053.61,335.2,0,Low Value
16545,65,1,339.3,0.0,1,Medium Value
16546,191,2,787.15,0.0,0,Low Value
16549,25,2,781.52,3373.12,1,Medium Value
16550,9,5,2298.97,0.0,1,Medium Value
16551,31,2,617.17,304.95,1,Medium Value
16552,143,2,379.73,0.0,0,Low Value
16553,64,12,5719.82,0.0,1,Medium Value
16554,123,2,314.11,522.99,0,Low Value
16555,10,1,151.98000000000002,133.91,1,Medium Value
16556,6,6,2556.37,757.42,1,Medium Value
16557,38,1,101.15,180.7,1,Medium Value
16558,22,13,4362.4,3976.09,1,Medium Value
16560,259,1,332.18,509.23,0,Low Value
16565,265,1,173.7,0.0,0,Low Value
16566,71,3,463.88,150.78,1,Medium Value
16567,95,2,865.6,0.0,1,Medium Value
16570,28,6,2134.07,1604.33,1,Medium Value
16571,77,2,896.79,524.9,1,Medium Value
16572,28,3,1009.6,0.0,1,Medium Value
16573,191,1,292.63,370.98,0,Low Value
16581,83,1,105.84,0.0,1,Medium Value
16582,14,1,313.62,0.0,1,Medium Value
16583,274,1,233.45,0.0,0,Low Value
16584,155,1,611.94,324.14,0,Low Value
16586,149,1,463.95,0.0,0,Low Value
16587,133,1,225.15,0.0,0,Low Value
16589,7,2,214.68,244.56,1,Medium Value
16592,37,10,2214.33,1899.3500000000001,1,Medium Value
16593,90,2,255.5,74.53,1,Medium Value
16596,267,1,120.65,129.5,0,Low Value
16598,186,1,145.05,0.0,0,Low Value
16600,154,2,237.46,576.06,0,Low Value
16607,29,10,2267.58,1080.13,1,Medium Value
16609,36,5,2710.04,2783.42,1,Medium Value
16610,120,1,75.66,0.0,0,Low Value
16611,87,1,129.49,0.0,1,Medium Value
16612,20,3,870.3000000000001,317.36,1,Medium Value
16614,83,1,506.19,0.0,1,Medium Value
16616,58,1,210.10000000000002,290.32,1,Medium Value
16617,136,1,151.85,0.0,0,Low Value
16618,111,4,1441.29,1206.3,1,Medium Value
16619,165,1,226.21,0.0,0,Low Value
16620,161,1,95.75999999999999,83.2,0,Low Value
16621,48,3,609.41,204.07,1,Medium Value
16623,146,1,129.45000000000002,0.0,0,Low Value
16624,98,1,426.43,384.14,1,Medium Value
16625,175,1,333.08,0.0,0,Low Value
16626,14,7,2165.34,2247.7599999999998,1,Medium Value
16628,7,4,1619.8400000000001,568.21,1,Medium Value
16633,15,3,1168.26,1714.8400000000001,1,Medium Value
16634,123,2,217.9,0.0,0,Low Value
16637,24,2,530.55,623.92,1,Medium Value
16638,7,8,1429.71,251.01,1,Medium Value
16639,107,2,471.15000000000003,786.36,1,Medium Value
16641,6,1,231.1,0.0,1,Medium Value
16642,108,1,307.73,380.6,1,Medium Value
16643,147,1,487.51,0.0,0,Low Value
16644,78,2,833.78,0.0,1,Medium Value
16647,70,2,214.06,0.0,1,Medium Value
16652,10,5,4525.87,2248.1,1,Medium Value
16654,42,4,601.27,0.0,1,Medium Value
16655,32,3,1868.89,1925.63,1,Medium Value
16656,21,10,6257.0,2368.8,1,Medium Value
16657,49,2,446.11,487.51,1,Medium Value
16658,269,1,123.24,0.0,0,Low Value
16659,90,1,39.12,0.0,1,Medium Value
16660,111,2,384.36,883.29,1,Medium Value
16665,263,1,135.4,0.0,0,Low Value
16667,185,1,203.35,366.78,0,Low Value
16668,17,5,266.52,40.2,1,Medium Value
16670,7,8,3239.9700000000003,855.93,1,Medium Value
16671,65,1,1382.88,309.39,1,Medium Value
16672,13,16,6303.74,1831.2,1,Medium Value
16676,114,3,1098.5,493.62,1,Medium Value
16678,20,7,1830.34,1279.65,1,Medium Value
16679,267,1,129.75,0.0,0,Low Value
16681,45,4,1332.68,437.66,1,Medium Value
16682,59,2,626.3,401.7,1,Medium Value
16684,34,18,33883.5,32770.06,2,High Value
16686,4,5,2065.52,997.31,1,Medium Value
16690,102,1,86.5,139.08,1,Medium Value
16692,157,2,1276.0,0.0,0,Low Value
16693,172,1,157.56,324.45,0,Low Value
16696,36,4,657.9,0.0,1,Medium Value
16697,142,1,112.75,0.0,0,Low Value
16698,127,2,1998.0,0.0,0,Low Value
16700,22,10,4095.9500000000003,980.6,1,Medium Value
16701,30,10,4050.42,1347.8799999999999,1,Medium Value
16705,45,9,8194.43,5840.56,1,Medium Value
16706,15,1,291.53,239.82,1,Medium Value
16709,100,4,1984.5900000000001,1045.28,1,Medium Value
16710,39,7,1843.89,639.15,1,Medium Value
16711,41,3,909.87,741.16,1,Medium Value
16712,9,7,2017.06,1628.37,1,Medium Value
16713,16,11,3970.77,2952.36,1,Medium Value
16714,119,3,1161.53,0.0,0,Low Value
16716,167,2,901.2,0.0,0,Low Value
16717,63,3,1136.16,2722.2200000000003,1,Medium Value
16718,270,1,623.75,0.0,0,Low Value
16719,49,5,1286.43,503.99,1,Medium Value
16721,163,1,292.47,0.0,0,Low Value
16722,7,9,3234.5,1496.31,1,Medium Value
16723,8,1,424.15000000000003,165.0,1,Medium Value
16725,203,7,781.02,0.0,0,Low Value
16726,97,4,795.19,586.83,1,Medium Value
16727,265,1,272.82,0.0,0,Low Value
16728,67,3,550.0,504.67,1,Medium Value
16729,15,16,5016.45,2223.47,1,Medium Value
16730,135,2,480.94,262.17,0,Low Value
16734,15,2,306.15999999999997,344.35,1,Medium Value
16735,140,2,1097.92,1202.64,0,Low Value
16738,198,1,3.75,0.0,0,Low Value
16739,77,1,323.0,0.0,1,Medium Value
16743,14,6,1885.8600000000001,352.23,1,Medium Value
16744,46,2,241.69,1063.07,1,Medium Value
16745,20,15,5910.93,1283.37,1,Medium Value
16746,1,12,4421.08,2276.58,1,Medium Value
16748,118,3,910.2,605.7,0,Low Value
16750,22,3,416.12,207.81,1,Medium Value
16752,273,1,207.5,0.0,0,Low Value
16754,273,1,2002.4,0.0,0,Low Value
16755,15,3,1496.83,0.0,1,Medium Value
16756,115,1,239.4,0.0,0,Low Value
16757,219,1,106.83000000000001,0.0,0,Low Value
16762,45,1,314.15000000000003,1187.23,1,Medium Value
16763,99,1,611.8499999999999,0.0,1,Medium Value
16764,27,3,522.0600000000001,2277.19,1,Medium Value
16765,195,1,34.0,0.0,0,Low Value
16766,174,2,1145.6,0.0,0,Low Value
16767,14,6,4234.36,1346.24,1,Medium Value
16768,4,2,286.49,191.6,1,Medium Value
16769,161,1,380.39,0.0,0,Low Value
16770,137,4,656.48,113.62,0,Low Value
16771,176,3,1655.95,590.86,0,Low Value
16774,17,3,542.2,119.32,1,Medium Value
16775,23,8,1174.55,521.11,1,Medium Value
16777,158,1,177.25,49.1,0,Low Value
16778,175,1,93.18,152.76,0,Low Value
16779,7,15,6394.7300000000005,4234.99,1,Medium Value
16780,1,2,425.19,0.0,1,Medium Value
16781,273,1,311.25,0.0,0,Low Value
16782,39,9,1642.3500000000001,637.5500000000001,1,Medium Value
16788,24,2,597.48,0.0,1,Medium Value
16791,23,5,800.27,921.51,1,Medium Value
16792,183,2,110.38,0.0,0,Low Value
16794,9,4,628.5,594.21,1,Medium Value
16795,266,1,414.88,0.0,0,Low Value
16801,64,4,1619.73,0.0,1,Medium Value
16804,171,1,118.05,418.94,0,Low Value
16805,74,2,460.59000000000003,0.0,1,Medium Value
16806,4,4,801.49,0.0,1,Medium Value
16807,43,3,1121.59,0.0,1,Medium Value
16808,175,1,166.5,121.92,0,Low Value
16809,37,3,470.69,444.0,1,Medium Value
16810,93,1,309.54,0.0,1,Medium Value
16812,261,1,479.35,0.0,0,Low Value
16813,14,6,1062.18,630.8,1,Medium Value
16814,9,16,5206.6900000000005,1302.41,1,Medium Value
16816,4,4,417.06,0.0,1,Medium Value
16817,86,7,1179.43,425.32,1,Medium Value
16818,7,8,2102.4,1247.17,1,Medium Value
16823,128,1,358.38,0.0,0,Low Value
16824,65,1,222.9,237.74,1,Medium Value
16825,86,1,318.7,456.48,1,Medium Value
16828,13,1,113.5,15.0,1,Medium Value
16829,57,1,197.22,0.0,1,Medium Value
16832,85,3,199.15,0.0,1,Medium Value
16833,160,3,671.2900000000001,435.24,0,Low Value
16834,128,1,413.46,0.0,0,Low Value
16835,29,2,180.85,0.0,1,Medium Value
16836,17,1,91.32000000000001,160.55,1,Medium Value
16837,58,9,1911.74,1259.24,1,Medium Value
16838,98,2,588.85,0.0,1,Medium Value
16839,10,22,10869.28,5725.07,1,Medium Value
16841,38,5,1561.06,308.76,1,Medium Value
16842,1,3,1264.19,0.0,1,Medium Value
16843,35,11,7371.6,2824.97,1,Medium Value
16849,87,1,124.57,0.0,1,Medium Value
16850,234,1,332.41,0.0,0,Low Value
16852,77,1,113.06,31.85,1,Medium Value
16858,269,1,375.69000000000005,0.0,0,Low Value
16859,45,2,747.81,0.0,1,Medium Value
16861,59,1,70.80000000000001,102.96,1,Medium Value
16863,267,1,164.25,338.55,0,Low Value
16866,41,3,207.74,0.0,1,Medium Value
16869,66,2,387.68,437.74,1,Medium Value
16871,111,4,2037.82,774.52,1,Medium Value
16872,6,2,464.68000000000006,215.33999999999997,1,Medium Value
16873,28,4,3871.47,3252.15,1,Medium Value
16875,45,4,1138.2,957.33,1,Medium Value
16877,53,2,188.98,664.74,1,Medium Value
16880,27,5,856.91,662.17,1,Medium Value
16882,140,2,215.70000000000002,489.42,0,Low Value
16883,88,2,276.73,0.0,1,Medium Value
16885,258,1,190.65,280.86,0,Low Value
16889,95,3,1578.67,0.0,1,Medium Value
16891,42,2,437.92,371.78000000000003,1,Medium Value
16892,84,1,102.97999999999999,422.56,1,Medium Value
16893,267,1,145.93,0.0,0,Low Value
16897,200,2,289.78,0.0,0,Low Value
16898,78,2,319.46999999999997,189.34,1,Medium Value
16899,50,3,510.18,771.38,1,Medium Value
16902,17,1,1706.88,0.0,1,Medium Value
16904,9,13,3034.07,720.2,1,Medium Value
16905,137,3,853.9300000000001,2248.5,0,Low Value
16906,87,3,394.94,184.83,1,Medium Value
16907,49,4,711.88,269.77,1,Medium Value
16912,35,7,1558.38,1017.0,1,Medium Value
16913,191,1,113.44,0.0,0,Low Value
16915,28,4,382.39000000000004,239.29,1,Medium Value
16916,273,1,198.08,378.18,0,Low Value
16917,177,1,391.52,0.0,0,Low Value
16918,60,2,523.03,545.79,1,Medium Value
16919,57,11,2596.45,0.0,1,Medium Value
16923,53,13,4398.54,2849.07,1,Medium Value
16926,272,1,230.25,0.0,0,Low Value
16927,16,3,543.05,0.0,1,Medium Value
16928,2,14,2204.25,643.35,1,Medium Value
16929,28,2,428.88,866.51,1,Medium Value
16931,4,14,2918.8,1685.42,1,Medium Value
16933,140,1,224.73,338.5,0,Low Value
16938,80,3,2410.75,325.63,1,Medium Value
16940,70,2,1868.3600000000001,1181.52,1,Medium Value
16942,37,7,1449.14,471.45,1,Medium Value
16943,112,3,816.73,0.0,1,Medium Value
16945,14,12,2705.21,1640.29,1,Medium Value
16947,136,1,406.48,0.0,0,Low Value
16948,39,3,435.02,0.0,1,Medium Value
16949,86,4,893.75,392.52,1,Medium Value
16950,25,2,778.41,400.15,1,Medium Value
16951,35,3,1277.75,0.0,1,Medium Value
16952,10,2,167.61,0.0,1,Medium Value
16954,25,4,1245.3799999999999,839.7,1,Medium Value
16955,85,4,518.67,0.0,1,Medium Value
16957,140,2,416.64,0.0,0,Low Value
16960,153,1,201.53,305.52,0,Low Value
16961,17,1,234.17000000000002,0.0,1,Medium Value
16963,88,1,110.55000000000001,0.0,1,Medium Value
16965,127,1,201.19,0.0,0,Low Value
16966,71,4,1486.56,668.41,1,Medium Value
16967,90,1,319.02,0.0,1,Medium Value
16968,8,1,253.31,186.12,1,Medium Value
16969,35,2,478.96,171.45,1,Medium Value
16976,168,1,251.51999999999998,0.0,0,Low Value
16979,48,2,555.65,1296.35,1,Medium Value
16980,156,2,1078.96,0.0,0,Low Value
16983,81,4,885.22,1046.03,1,Medium Value
16984,31,1,3226.13,1255.22,1,Medium Value
16985,58,7,3578.54,1885.58,1,Medium Value
16987,71,3,629.45,995.6,1,Medium Value
16989,51,1,857.7,275.55,1,Medium Value
16990,119,1,179.0,0.0,0,Low Value
16992,100,2,671.15,943.1600000000001,1,Medium Value
16996,22,5,1041.78,415.18,1,Medium Value
16997,189,3,702.0,0.0,0,Low Value
16998,50,4,295.0,0.0,1,Medium Value
17001,14,7,2471.09,1518.48,1,Medium Value
17002,116,2,993.52,500.21,0,Low Value
17007,56,5,575.44,314.49,1,Medium Value
17015,86,1,524.5,1318.06,1,Medium Value
17017,63,14,5431.28,3262.98,1,Medium Value
17018,226,1,405.0,515.1,0,Low Value
17019,162,3,995.93,276.68,0,Low Value
17024,58,1,31.25,64.6,1,Medium Value
17025,274,2,160.97,196.8,0,Low Value
17026,86,2,154.83,0.0,1,Medium Value
17027,80,4,655.88,234.41,1,Medium Value
17029,11,2,716.0,0.0,1,Medium Value
17031,55,1,225.95,154.4,1,Medium Value
17033,115,2,608.1,422.04,0,Low Value
17034,188,1,141.79999999999998,603.72,0,Low Value
17035,146,2,433.53000000000003,0.0,0,Low Value
17040,38,1,449.73,0.0,1,Medium Value
17041,9,2,750.89,330.68,1,Medium Value
17042,22,4,922.8199999999999,121.56,1,Medium Value
17043,79,2,324.96999999999997,1410.21,1,Medium Value
17045,14,3,339.44,0.0,1,Medium Value
17046,58,1,642.02,0.0,1,Medium Value
17047,106,2,749.4300000000001,351.47,1,Medium Value
17048,18,3,925.35,0.0,1,Medium Value
17049,18,5,2606.65,3053.33,1,Medium Value
17050,88,5,2660.59,568.25,1,Medium Value
17051,95,1,247.14,0.0,1,Medium Value
17053,31,1,498.48,0.0,1,Medium Value
17054,38,4,1207.32,149.01,1,Medium Value
17058,100,2,819.6600000000001,360.23,1,Medium Value
17059,11,4,2250.1,844.94,1,Medium Value
17060,167,1,234.24,0.0,0,Low Value
17061,11,10,4658.83,573.4,1,Medium Value
17062,214,4,538.37,0.0,0,Low Value
17063,64,4,671.87,789.27,1,Medium Value
17064,83,2,461.3,398.05,1,Medium Value
17068,11,15,3281.4900000000002,1270.65,1,Medium Value
17069,56,5,1495.79,1213.91,1,Medium Value
17070,15,1,312.14,0.0,1,Medium Value
17071,35,6,1402.42,1026.6100000000001,1,Medium Value
17073,10,1,453.79,992.3,1,Medium Value
17075,154,3,696.07,138.05,0,Low Value
17076,174,2,334.2,506.88,0,Low Value
17080,170,1,76.32000000000001,211.3,0,Low Value
17082,219,1,636.94,1366.91,0,Low Value
17083,10,3,1405.78,0.0,1,Medium Value
17085,24,5,1566.65,0.0,1,Medium Value
17088,83,2,1399.1100000000001,591.9,1,Medium Value
17090,128,3,649.05,1394.9,0,Low Value
17091,86,5,1994.41,1833.3500000000001,1,Medium Value
17092,27,2,633.07,1144.71,1,Medium Value
17094,223,1,302.0,0.0,0,Low Value
17095,200,2,543.96,780.1999999999999,0,Low Value
17096,44,2,443.94,578.19,1,Medium Value
17097,1,6,639.53,314.89,1,Medium Value
17101,79,1,230.58,1391.15,1,Medium Value
17102,162,1,25.5,0.0,0,Low Value
17105,60,2,665.78,0.0,1,Medium Value
17107,56,3,6334.06,4481.37,1,Medium Value
17109,133,2,464.59000000000003,420.45,0,Low Value
17110,66,1,163.29999999999998,0.0,1,Medium Value
17114,39,6,603.59,205.03,1,Medium Value
17115,83,2,612.82,224.68,1,Medium Value
17117,189,1,116.2,0.0,0,Low Value
17118,218,1,157.02,0.0,0,Low Value
17120,134,1,307.46,0.0,0,Low Value
17122,20,1,138.32,0.0,1,Medium Value
17123,62,1,345.3,0.0,1,Medium Value
17124,86,1,298.89,0.0,1,Medium Value
17126,53,5,1004.75,0.0,1,Medium Value
17128,235,1,157.09,0.0,0,Low Value
17133,91,3,2478.79,2413.4500000000003,1,Medium Value
17134,7,2,425.0,0.0,1,Medium Value
17135,190,2,500.55,639.18,0,Low Value
17138,176,1,380.5,0.0,0,Low Value
17139,23,7,6851.82,3816.65,1,Medium Value
17140,148,1,465.32,0.0,0,Low Value
17142,140,1,579.0,0.0,0,Low Value
17146,6,3,749.78,0.0,1,Medium Value
17147,107,2,973.11,741.48,1,Medium Value
17152,95,3,1689.5,0.0,1,Medium Value
17155,78,1,143.3,108.39999999999999,1,Medium Value
17157,77,1,161.46,157.54,1,Medium Value
17158,133,2,698.5500000000001,568.42,0,Low Value
17159,72,1,528.45,1010.43,1,Medium Value
17160,10,5,3001.18,516.85,1,Medium Value
17162,32,9,1463.66,251.8,1,Medium Value
17164,52,3,1270.42,1196.93,1,Medium Value
17165,185,1,158.68,0.0,0,Low Value
17166,105,1,127.59,78.75,1,Medium Value
17169,84,1,308.68,527.1,1,Medium Value
17171,190,1,224.91,0.0,0,Low Value
17173,17,2,961.26,2805.34,1,Medium Value
17174,118,1,59.9,0.0,0,Low Value
17175,42,3,1132.63,311.06,1,Medium Value
17176,102,1,306.13,0.0,1,Medium Value
17179,79,3,711.79,0.0,1,Medium Value
17180,142,3,564.86,231.17,0,Low Value
17181,274,1,155.52,84.39999999999999,0,Low Value
17183,6,1,329.67,3017.64,1,Medium Value
17187,127,1,203.95,0.0,0,Low Value
17188,65,5,1815.09,659.14,1,Medium Value
17189,7,2,384.4,0.0,1,Medium Value
17190,108,1,195.0,249.74,1,Medium Value
17191,92,5,1175.7,919.4300000000001,1,Medium Value
17193,77,2,448.56,1250.74,1,Medium Value
17194,174,2,262.62,0.0,0,Low Value
17198,266,2,521.66,170.56,0,Low Value
17204,76,4,1564.56,0.0,1,Medium Value
17211,81,6,1464.89,852.33,1,Medium Value
17212,154,1,226.85,0.0,0,Low Value
17213,42,5,1780.01,1001.22,1,Medium Value
17214,150,4,613.67,455.45,0,Low Value
17217,135,1,113.5,0.0,0,Low Value
17218,115,5,948.58,1012.14,1,Medium Value
17220,27,8,2172.4,1025.85,1,Medium Value
17223,211,2,426.79,0.0,0,Low Value
17226,209,1,393.49,0.0,0,Low Value
17227,73,3,473.75,465.57,1,Medium Value
17228,108,4,687.58,1218.51,1,Medium Value
17229,43,1,157.71,161.05,1,Medium Value
17230,165,8,3638.41,0.0,0,Low Value
17231,27,7,1938.72,1235.6,1,Medium Value
17234,83,1,149.89,0.0,1,Medium Value
17235,273,1,341.90000000000003,208.16,0,Low Value
17236,80,5,697.73,218.4,1,Medium Value
17238,37,11,1959.92,1784.73,1,Medium Value
17239,213,1,382.5,0.0,0,Low Value
17242,9,2,1135.04,0.0,1,Medium Value
17243,14,15,4012.67,4664.18,1,Medium Value
17245,105,1,171.45000000000002,0.0,1,Medium Value
17248,21,1,318.65,0.0,1,Medium Value
17250,162,1,162.65,221.87,0,Low Value
17251,263,1,283.28000000000003,0.0,0,Low Value
17252,17,2,353.86,0.0,1,Medium Value
17255,200,1,112.46,185.95,0,Low Value
17256,8,2,240.0,0.0,1,Medium Value
17259,49,2,603.37,0.0,1,Medium Value
17262,128,4,955.3600000000001,298.0,0,Low Value
17263,109,1,63.440000000000005,0.0,0,Low Value
17265,39,2,562.9,0.0,1,Medium Value
17266,48,1,113.06,197.58,1,Medium Value
17267,28,2,317.62,0.0,1,Medium Value
17268,8,4,763.64,0.0,1,Medium Value
17272,100,2,1409.44,739.1899999999999,1,Medium Value
17277,128,2,1065.3500000000001,0.0,0,Low Value
17278,142,1,246.04000000000002,0.0,0,Low Value
17282,31,3,1703.41,0.0,1,Medium Value
17284,21,5,1494.1399999999999,158.44,1,Medium Value
17287,44,5,702.41,361.7,1,Medium Value
17288,108,5,663.7,756.03,1,Medium Value
17289,81,1,167.36,777.05,1,Medium Value
17291,209,1,550.8000000000001,0.0,0,Low Value
17293,20,5,867.03,1008.08,1,Medium Value
17298,2,2,498.42,0.0,1,Medium Value
17299,1,2,268.19,400.92,1,Medium Value
17302,23,3,661.61,474.02,1,Medium Value
17303,262,1,250.04,0.0,0,Low Value
17306,29,14,6123.32,2507.99,1,Medium Value
17311,217,1,556.46,828.39,0,Low Value
17312,39,3,644.3,0.0,1,Medium Value
17314,49,5,1506.92,1021.0,1,Medium Value
17315,1,30,4369.04,1923.22,1,Medium Value
17320,1,3,1200.6200000000001,0.0,1,Medium Value
17323,25,4,537.25,383.82,1,Medium Value
17324,232,2,702.23,288.0,0,Low Value
17325,181,1,96.8,0.0,0,Low Value
17329,216,1,243.36,279.75,0,Low Value
17331,24,1,175.2,0.0,1,Medium Value
17334,203,2,307.02000000000004,0.0,0,Low Value
17337,52,4,2027.8700000000001,0.0,1,Medium Value
17338,15,7,5207.02,1436.91,1,Medium Value
17339,266,1,60.0,183.36,0,Low Value
17340,21,7,7593.650000000001,4759.64,1,Medium Value
17341,57,3,781.36,0.0,1,Medium Value
17343,256,1,193.64,0.0,0,Low Value
17345,97,2,128.33,409.41,1,Medium Value
17346,4,8,1266.21,1410.35,1,Medium Value
17348,198,1,160.15,999.37,0,Low Value
17349,80,1,110.75,0.0,1,Medium Value
17351,70,2,427.3,159.85,1,Medium Value
17353,30,2,1740.0,0.0,1,Medium Value
17356,212,1,178.22,0.0,0,Low Value
17358,204,2,365.85,0.0,0,Low Value
17360,85,1,330.95,254.84,1,Medium Value
17361,87,2,263.92,224.28,1,Medium Value
17362,140,2,312.23,0.0,0,Low Value
17364,38,6,2633.81,1847.3700000000001,1,Medium Value
17365,70,5,2371.01,2430.55,1,Medium Value
17367,139,1,168.4,0.0,0,Low Value
17368,74,5,1614.87,297.8,1,Medium Value
17370,70,1,110.7,335.48,1,Medium Value
17371,262,1,97.63,326.26,0,Low Value
17372,67,6,1061.13,281.55,1,Medium Value
17373,35,2,287.3,359.62,1,Medium Value
17374,119,2,495.77,0.0,0,Low Value
17375,100,3,400.1,0.0,1,Medium Value
17376,212,1,105.85,97.35,0,Low Value
17377,27,9,2045.38,2055.54,1,Medium Value
17381,20,23,16875.65,3399.96,1,Medium Value
17384,120,1,227.64999999999998,108.75,0,Low Value
17386,14,3,1541.4,1145.02,1,Medium Value
17388,32,3,953.0300000000001,306.53000000000003,1,Medium Value
17389,22,24,8912.78,22920.899999999998,1,Medium Value
17391,64,2,508.8,0.0,1,Medium Value
17392,207,2,457.91,0.0,0,Low Value
17394,120,1,203.86999999999998,0.0,0,Low Value
17396,49,6,4801.8,2529.0,1,Medium Value
17398,15,3,653.38,0.0,1,Medium Value
17400,27,5,2129.96,0.0,1,Medium Value
17402,2,8,1732.45,901.4,1,Medium Value
17404,24,10,21004.3,10902.52,1,Medium Value
17405,51,1,393.31,638.1,1,Medium Value
17406,234,3,2200.42,0.0,0,Low Value
17408,64,1,32.65,0.0,1,Medium Value
17409,85,2,771.85,0.0,1,Medium Value
17410,116,1,302.4,912.3199999999999,0,Low Value
17411,162,1,285.58,493.36,0,Low Value
17412,97,4,709.82,548.24,1,Medium Value
17414,85,1,598.0,180.0,1,Medium Value
17416,10,5,5294.49,1598.93,1,Medium Value
17418,224,1,167.39000000000001,296.07,0,Low Value
17419,44,8,2660.0,1566.57,1,Medium Value
17420,72,2,391.51,207.32,1,Medium Value
17422,43,4,1296.18,683.19,1,Medium Value
17423,118,1,449.42,248.99,0,Low Value
17426,76,3,3279.23,1758.03,1,Medium Value
17428,11,20,10661.09,6595.76,1,Medium Value
17429,29,3,524.9200000000001,0.0,1,Medium Value
17430,266,1,112.6,153.16,0,Low Value
17431,214,1,403.3,0.0,0,Low Value
17436,127,1,122.4,93.9,0,Low Value
17438,154,1,388.45000000000005,0.0,0,Low Value
17440,57,3,186.42000000000002,0.0,1,Medium Value
17442,22,4,1590.45,658.11,1,Medium Value
17443,120,1,534.24,0.0,0,Low Value
17444,48,3,2940.04,0.0,1,Medium Value
17446,77,2,120.89999999999999,0.0,1,Medium Value
17449,135,3,1322.69,1198.17,0,Low Value
17450,9,22,85770.34,108780.45,2,High Value
17451,6,1,346.01,1375.39,1,Medium Value
17454,93,4,517.53,0.0,1,Medium Value
17455,104,1,131.7,0.0,1,Medium Value
17456,266,1,249.86,0.0,0,Low Value
17457,27,5,1737.7,0.0,1,Medium Value
17460,126,5,462.58000000000004,159.85000000000002,0,Low Value
17462,185,1,463.40999999999997,212.28,0,Low Value
17463,77,3,1245.64,650.77,1,Medium Value
17464,59,1,289.96000000000004,0.0,1,Medium Value
17469,9,3,1050.27,820.7,1,Medium Value
17470,28,4,816.47,308.6,1,Medium Value
17472,92,3,710.29,0.0,1,Medium Value
17483,35,2,274.74,139.3,1,Medium Value
17486,162,1,396.87,0.0,0,Low Value
17489,113,1,208.56,168.07999999999998,0,Low Value
17490,77,1,305.2,1787.12,1,Medium Value
17491,34,5,1660.31,1898.56,1,Medium Value
17492,149,1,374.57,0.0,0,Low Value
17496,259,1,271.05,0.0,0,Low Value
17499,190,1,622.88,0.0,0,Low Value
17501,121,2,288.6,0.0,0,Low Value
17504,107,9,2997.03,0.0,1,Medium Value
17505,62,2,1145.8400000000001,0.0,1,Medium Value
17507,162,2,605.58,0.0,0,Low Value
17508,182,1,387.31,0.0,0,Low Value
17511,15,20,56175.47,34886.91,2,High Value
17512,22,8,1891.9,1033.09,1,Medium Value
17514,29,1,208.65,0.0,1,Medium Value
17515,107,3,571.37,67.65,1,Medium Value
17516,20,4,608.85,159.23,1,Medium Value
17517,209,1,153.94,0.0,0,Low Value
17519,34,5,1488.0,356.02,1,Medium Value
17521,100,1,159.56,563.65,1,Medium Value
17522,39,4,912.25,158.45999999999998,1,Medium Value
17524,262,1,145.0,0.0,0,Low Value
17525,260,1,422.7,0.0,0,Low Value
17526,191,3,872.8,323.1,0,Low Value
17527,10,2,606.62,332.75,1,Medium Value
17530,107,6,1367.86,1017.14,1,Medium Value
17531,91,1,296.7,0.0,1,Medium Value
17535,181,1,164.4,0.0,0,Low Value
17536,78,1,76.5,0.0,1,Medium Value
17537,204,1,630.7,266.92,0,Low Value
17540,217,1,268.8,310.1,0,Low Value
17542,170,1,170.75,0.0,0,Low Value
17548,134,1,103.3,0.0,0,Low Value
17550,98,3,267.16,0.0,1,Medium Value
17551,260,1,306.84,0.0,0,Low Value
17552,273,2,298.52,631.89,0,Low Value
17553,30,1,1487.6,0.0,1,Medium Value
17554,23,2,1249.8899999999999,702.5600000000001,1,Medium Value
17555,235,1,195.45,287.81,0,Low Value
17556,106,1,157.9,0.0,1,Medium Value
17560,56,3,705.83,149.12,1,Medium Value
17562,10,4,661.1,461.28000000000003,1,Medium Value
17567,50,5,2335.05,1996.43,1,Medium Value
17569,233,1,344.14,0.0,0,Low Value
17571,46,3,561.2,937.31,1,Medium Value
17572,139,2,152.20000000000002,74.55000000000001,0,Low Value
17574,143,1,185.65,0.0,0,Low Value
17576,7,13,2181.4,1441.28,1,Medium Value
17578,119,1,143.45999999999998,0.0,0,Low Value
17579,38,2,270.86,178.04,1,Medium Value
17580,153,3,215.72,0.0,0,Low Value
17581,10,17,6522.29,4522.75,1,Medium Value
17582,137,1,175.27,0.0,0,Low Value
17584,28,1,749.45,492.85,1,Medium Value
17585,10,4,1133.07,0.0,1,Medium Value
17588,1,3,1240.2,0.0,1,Medium Value
17589,52,3,1843.07,561.1,1,Medium Value
17591,23,6,1863.17,362.8,1,Medium Value
17593,45,3,2263.52,1663.82,1,Medium Value
17594,155,1,315.0,678.1800000000001,0,Low Value
17596,37,4,1738.73,1089.2,1,Medium Value
17597,114,1,2044.3700000000001,0.0,0,Low Value
17601,140,1,116.00999999999999,0.0,0,Low Value
17602,25,2,909.5500000000001,4193.42,1,Medium Value
17604,118,2,309.36,0.0,0,Low Value
17609,203,2,537.6899999999999,574.53,0,Low Value
17611,24,9,2724.25,1259.97,1,Medium Value
17612,13,4,1338.87,709.58,1,Medium Value
17613,18,9,2991.29,1567.8600000000001,1,Medium Value
17615,31,3,329.6,0.0,1,Medium Value
17616,74,3,571.1999999999999,0.0,1,Medium Value
17618,149,2,666.78,304.8,0,Low Value
17619,213,1,218.52,0.0,0,Low Value
17621,213,2,901.7800000000001,478.12,0,Low Value
17624,119,1,400.3,443.18,0,Low Value
17625,41,2,1234.78,812.22,1,Medium Value
17629,21,5,798.38,1015.74,1,Medium Value
17630,70,2,503.6,0.0,1,Medium Value
17631,38,2,416.5,111.83,1,Medium Value
17633,4,2,648.61,676.23,1,Medium Value
17634,23,6,1920.66,441.31,1,Medium Value
17637,16,1,338.95,208.11,1,Medium Value
17639,177,1,108.5,0.0,0,Low Value
17642,20,2,712.29,0.0,1,Medium Value
17643,274,1,101.55,0.0,0,Low Value
17644,21,7,1625.63,1270.01,1,Medium Value
17646,120,3,1008.39,0.0,0,Low Value
17648,93,3,1107.39,690.11,1,Medium Value
17649,39,1,868.49,0.0,1,Medium Value
17651,57,4,1148.01,2796.9900000000002,1,Medium Value
17652,45,6,2713.57,2154.15,1,Medium Value
17653,21,1,163.24,1044.32,1,Medium Value
17654,178,1,117.55,0.0,0,Low Value
17655,17,5,1903.33,735.61,1,Medium Value
17656,7,3,927.65,747.04,1,Medium Value
17658,112,1,317.6,277.82,0,Low Value
17659,1,9,1653.03,1346.43,1,Medium Value
17660,42,1,196.0,0.0,1,Medium Value
17663,55,4,1016.53,786.38,1,Medium Value
17664,113,1,326.19,278.45,0,Low Value
17667,62,4,1751.01,304.5,1,Medium Value
17669,23,5,2433.22,973.5,1,Medium Value
17670,128,1,205.7,0.0,0,Low Value
17671,58,3,1098.55,474.16,1,Medium Value
17672,210,1,1177.84,2000.33,0,Low Value
17673,63,4,1209.77,419.35,1,Medium Value
17674,269,1,300.66,250.38,0,Low Value
17675,2,23,14074.19,6300.09,1,Medium Value
17676,10,4,730.84,656.84,1,Medium Value
17677,1,20,11684.35,4678.88,1,Medium Value
17678,164,1,298.11,0.0,0,Low Value
17682,16,5,1899.3500000000001,574.98,1,Medium Value
17685,167,5,1512.72,1678.81,0,Low Value
17686,21,5,4589.35,1150.1100000000001,1,Medium Value
17690,2,11,3526.68,1231.27,1,Medium Value
17691,259,2,290.40000000000003,0.0,0,Low Value
17692,28,4,740.94,0.0,1,Medium Value
17693,38,1,200.47,0.0,1,Medium Value
17694,42,1,283.12,0.0,1,Medium Value
17695,32,2,765.34,0.0,1,Medium Value
17696,9,7,1915.5900000000001,370.12,1,Medium Value
17697,137,1,338.95,0.0,0,Low Value
17698,161,1,154.95,0.0,0,Low Value
17700,114,2,1125.57,1409.07,0,Low Value
17701,153,1,417.95,0.0,0,Low Value
17702,9,3,1338.77,485.6,1,Medium Value
17703,10,2,490.96,307.78000000000003,1,Medium Value
17704,69,2,885.19,0.0,1,Medium Value
17705,7,6,968.0,855.52,1,Medium Value
17706,1,12,8027.5,2476.9900000000002,1,Medium Value
17707,86,2,152.4,0.0,1,Medium Value
17708,88,2,267.08,0.0,1,Medium Value
17709,70,1,137.45,0.0,1,Medium Value
17711,190,1,220.53000000000003,164.57,0,Low Value
17714,221,1,153.0,0.0,0,Low Value
17715,101,1,326.4,0.0,1,Medium Value
17716,24,4,3436.76,2219.23,1,Medium Value
17718,133,1,139.35,0.0,0,Low Value
17719,7,12,4477.4,918.64,1,Medium Value
17720,14,3,887.6,308.34,1,Medium Value
17722,90,3,2100.88,323.16,1,Medium Value
17723,28,6,3276.4000000000005,0.0,1,Medium Value
17724,39,1,373.1,659.9,1,Medium Value
17725,1,8,2507.12,931.96,1,Medium Value
17730,7,8,3055.77,2242.71,1,Medium Value
17731,29,3,963.74,276.37,1,Medium Value
17732,273,1,303.97,0.0,0,Low Value
17733,162,1,216.95000000000002,475.24,0,Low Value
17734,37,2,540.21,160.42,1,Medium Value
17735,9,15,10219.99,2890.03,1,Medium Value
17736,14,1,307.49,69.95,1,Medium Value
17738,49,3,1571.49,307.56,1,Medium Value
17739,97,3,1070.77,1720.58,1,Medium Value
17742,14,2,355.11,0.0,1,Medium Value
17744,151,4,1288.96,1033.44,0,Low Value
17746,141,1,110.25,0.0,0,Low Value
17747,14,1,71.4,0.0,1,Medium Value
17749,79,2,674.52,0.0,1,Medium Value
17750,14,4,1079.72,717.85,1,Medium Value
17752,260,1,80.64,0.0,0,Low Value
17754,43,2,575.06,1197.2,1,Medium Value
17757,15,20,3320.4500000000003,2284.84,1,Medium Value
17758,53,4,1436.2,2020.5,1,Medium Value
17759,70,2,167.15,667.84,1,Medium Value
17760,274,1,172.54,115.05,0,Low Value
17763,164,1,15.0,0.0,0,Low Value
17764,112,1,261.97,556.85,0,Low Value
17765,59,3,371.88,0.0,1,Medium Value
17768,67,1,411.33000000000004,1861.8500000000001,1,Medium Value
17769,39,4,1828.73,2169.25,1,Medium Value
17770,99,5,1143.27,0.0,1,Medium Value
17771,224,1,115.8,130.01,0,Low Value
17774,46,3,989.87,235.54,1,Medium Value
17775,155,1,56.4,0.0,0,Low Value
17777,1,1,194.70000000000002,471.16,1,Medium Value
17779,44,1,323.09,335.48,1,Medium Value
17781,60,2,188.02,0.0,1,Medium Value
17783,148,1,112.41,171.06,0,Low Value
17786,218,1,114.85,163.89,0,Low Value
17787,53,4,1865.19,0.0,1,Medium Value
17788,30,1,16.7,1101.2,1,Medium Value
17789,182,1,225.9,0.0,0,Low Value
17790,21,12,1363.51,602.04,1,Medium Value
17795,80,2,350.39,0.0,1,Medium Value
17796,214,3,622.0,75.9,0,Low Value
17797,83,1,272.41,508.02,1,Medium Value
17799,64,8,2144.26,911.67,1,Medium Value
17800,18,6,765.3,433.71000000000004,1,Medium Value
17802,81,2,632.42,652.62,1,Medium Value
17809,30,8,2856.71,2555.2,1,Medium Value
17811,13,23,4681.26,3156.4700000000003,1,Medium Value
17812,269,1,217.54999999999998,514.61,0,Low Value
17816,170,2,21.31,15.25,0,Low Value
17817,178,2,269.7,117.98,0,Low Value
17819,83,6,3468.47,236.39999999999998,1,Medium Value
17827,143,4,1583.81,411.65,0,Low Value
17828,10,3,1076.66,743.43,1,Medium Value
17829,199,1,889.24,0.0,0,Low Value
17830,162,2,287.65000000000003,111.05,0,Low Value
17837,49,3,376.51,1216.8700000000001,1,Medium Value
17838,193,3,1687.7,1091.6,0,Low Value
17841,4,78,22365.04,18626.53,2,High Value
17843,204,1,205.48,0.0,0,Low Value
17844,7,1,51.559999999999995,0.0,1,Medium Value
17848,29,8,821.6,79.6,1,Medium Value
17849,119,4,605.8000000000001,0.0,1,Medium Value
17850,273,34,5391.21,0.0,0,Low Value
17854,86,2,311.26,0.0,1,Medium Value
17855,273,1,208.97,0.0,0,Low Value
17856,134,3,1142.63,275.4,0,Low Value
17857,10,13,13692.92,13186.119999999999,1,Medium Value
17858,17,9,3656.25,1499.41,1,Medium Value
17859,205,1,148.21,0.0,0,Low Value
17860,269,1,252.8,0.0,0,Low Value
17861,37,5,1301.57,799.23,1,Medium Value
17862,224,1,330.9,0.0,0,Low Value
17863,46,4,1785.28,1374.72,1,Medium Value
17864,176,1,208.41,389.09000000000003,0,Low Value
17865,8,12,7017.34,3508.98,1,Medium Value
17866,43,1,329.65000000000003,0.0,1,Medium Value
17867,44,4,957.48,239.62,1,Medium Value
17869,8,5,428.18,0.0,1,Medium Value
17870,24,6,603.22,1291.13,1,Medium Value
17871,105,1,155.9,0.0,1,Medium Value
17873,85,4,1587.1200000000001,272.04,1,Medium Value
17874,86,6,683.46,0.0,1,Medium Value
17877,71,1,237.61,0.0,1,Medium Value
17879,74,1,178.52,0.0,1,Medium Value
17880,265,1,458.92,0.0,0,Low Value
17881,205,1,133.35,0.0,0,Low Value
17883,147,1,119.35,552.42,0,Low Value
17884,212,3,602.84,114.61,0,Low Value
17886,111,2,396.26,503.35,1,Medium Value
17887,30,1,111.35,0.0,1,Medium Value
17888,62,4,307.05,419.0,1,Medium Value
17889,113,2,203.87,0.0,0,Low Value
17890,223,2,602.09,0.0,0,Low Value
17891,63,1,203.85999999999999,0.0,1,Medium Value
17892,56,1,142.1,102.0,1,Medium Value
17893,126,1,112.25,0.0,0,Low Value
17894,186,6,867.85,251.96,0,Low Value
17897,73,3,566.6,0.0,1,Medium Value
17898,108,1,99.84,52.22,1,Medium Value
17899,60,1,155.8,0.0,1,Medium Value
17900,91,2,112.19999999999999,0.0,1,Medium Value
17905,57,3,618.99,181.25,1,Medium Value
17906,148,1,72.9,0.0,0,Low Value
17908,274,1,243.28,0.0,0,Low Value
17912,211,5,311.01,0.0,0,Low Value
17913,256,1,218.05,193.55,0,Low Value
17917,157,2,230.46,110.82,0,Low Value
17920,6,9,2406.82,1797.28,1,Medium Value
17921,49,3,601.76,224.76,1,Medium Value
17923,183,1,207.50000000000003,0.0,0,Low Value
17924,202,2,502.2,2460.3,0,Low Value
17925,273,1,244.08,0.0,0,Low Value
17926,34,2,397.29,0.0,1,Medium Value
17928,147,1,78.25999999999999,134.28,0,Low Value
17929,13,3,707.0,136.0,1,Medium Value
17930,63,2,694.14,1046.34,1,Medium Value
17931,35,2,408.36,0.0,1,Medium Value
17932,74,2,934.51,397.06,1,Medium Value
17935,39,2,145.79,0.0,1,Medium Value
17937,15,5,3614.52,686.7,1,Medium Value
17939,60,1,99.14,0.0,1,Medium Value
17940,9,9,3914.44,192.0,1,Medium Value
17941,31,1,304.56,0.0,1,Medium Value
17946,134,2,149.57999999999998,0.0,0,Low Value
17948,48,1,358.56000000000006,0.0,1,Medium Value
17949,1,29,45325.6,13184.88,2,High Value
17950,266,2,263.17,219.03,0,Low Value
17951,259,2,409.50000000000006,599.0400000000001,0,Low Value
17954,24,10,1890.21,442.51,1,Medium Value
17955,99,4,557.3,0.0,1,Medium Value
17956,150,1,12.75,0.0,0,Low Value
17958,17,1,508.46000000000004,0.0,1,Medium Value
17960,72,1,73.78,0.0,1,Medium Value
17961,24,31,1179.62,116.82,1,Medium Value
17962,43,1,102.83,0.0,1,Medium Value
17964,273,1,261.76,209.94,0,Low Value
17965,35,10,1893.98,728.59,1,Medium Value
17966,52,4,594.43,504.0,1,Medium Value
17967,272,1,123.07,0.0,0,Low Value
17968,274,1,277.35,0.0,0,Low Value
17969,67,2,228.2,0.0,1,Medium Value
17970,112,1,582.59,0.0,0,Low Value
17972,142,1,136.04,0.0,0,Low Value
17974,120,1,172.77,568.02,0,Low Value
17975,15,11,3956.0,532.8100000000001,1,Medium Value
17976,273,1,353.19,0.0,0,Low Value
17978,266,1,300.91999999999996,0.0,0,Low Value
17979,69,3,504.54,253.17000000000002,1,Medium Value
17980,66,3,811.45,0.0,1,Medium Value
17984,46,1,152.68,0.0,1,Medium Value
17987,86,1,198.57,0.0,1,Medium Value
17988,18,5,146.0,55.120000000000005,1,Medium Value
17990,137,3,630.84,0.0,0,Low Value
17991,126,2,93.35,0.0,0,Low Value
17994,22,4,678.49,0.0,1,Medium Value
17995,182,1,76.1,0.0,0,Low Value
17997,34,4,1276.72,693.95,1,Medium Value
17999,267,1,190.34,191.72,0,Low Value
18004,263,1,169.47,0.0,0,Low Value
18008,104,7,2065.41,50.78,1,Medium Value
18009,136,1,257.34,0.0,0,Low Value
18010,157,1,174.8,0.0,0,Low Value
18011,274,1,102.78999999999999,0.0,0,Low Value
18013,56,2,187.29,0.0,1,Medium Value
18016,87,3,488.76,994.8,1,Medium Value
18017,70,2,344.0,179.0,1,Medium Value
18018,9,2,122.14,0.0,1,Medium Value
18024,53,2,389.78,0.0,1,Medium Value
18032,235,1,73.5,0.0,0,Low Value
18036,6,2,254.54,151.08,1,Medium Value
18037,55,6,70.02,0.0,1,Medium Value
18040,146,1,239.00000000000003,118.2,0,Low Value
18041,4,16,3084.13,1099.26,1,Medium Value
18043,107,2,451.81,107.7,1,Medium Value
18044,67,7,1105.53,983.07,1,Medium Value
18048,104,2,172.29000000000002,0.0,1,Medium Value
18050,260,1,74.4,0.0,0,Low Value
18055,29,7,3672.86,3111.33,1,Medium Value
18056,189,1,363.65,0.0,0,Low Value
18061,8,8,1793.51,325.9,1,Medium Value
18062,74,3,720.52,0.0,1,Medium Value
18064,34,2,814.0,0.0,1,Medium Value
18065,84,8,1412.15,980.6800000000001,1,Medium Value
18068,190,1,101.7,0.0,0,Low Value
18069,81,3,993.87,1042.8,1,Medium Value
18071,158,2,453.0,0.0,0,Low Value
18072,86,1,247.44,0.0,1,Medium Value
18073,15,12,3877.5200000000004,0.0,1,Medium Value
18074,274,1,489.6,0.0,0,Low Value
18075,7,8,1957.75,654.0,1,Medium Value
18077,4,7,1670.94,962.07,1,Medium Value
18078,118,2,336.13,0.0,0,Low Value
18079,27,2,2206.18,1445.79,1,Medium Value
18080,143,1,841.4999999999999,390.0,0,Low Value
18081,13,2,208.05,135.4,1,Medium Value
18085,231,2,689.95,0.0,0,Low Value
18086,175,1,101.34,0.0,0,Low Value
18087,191,1,3202.92,852.8,0,Low Value
18092,20,8,5851.48,3216.78,1,Medium Value
18093,21,3,2016.88,89.64,1,Medium Value
18094,37,5,2402.3,615.0,1,Medium Value
18095,213,2,580.05,0.0,0,Low Value
18097,27,5,2011.4,686.4,1,Medium Value
18099,28,1,168.31,0.0,1,Medium Value
18101,44,1,110.23,113.42,1,Medium Value
18102,27,26,130537.23,129120.07,2,High Value
18106,230,1,430.7,0.0,0,Low Value
18108,155,1,271.0,0.0,0,Low Value
18109,11,17,4457.2699999999995,3595.7,1,Medium Value
18112,67,1,196.64,156.05,1,Medium Value
18113,269,1,76.32000000000001,0.0,0,Low Value
18114,191,1,220.1,0.0,0,Low Value
18116,135,7,1254.47,163.56,0,Low Value
18118,48,18,4080.26,1573.56,1,Medium Value
18119,268,1,181.12,0.0,0,Low Value
18120,115,1,111.15,0.0,0,Low Value
18121,50,2,673.1,0.0,1,Medium Value
18122,51,1,119.19,1707.02,1,Medium Value
18125,102,3,945.14,197.85,1,Medium Value
18127,34,1,139.6,209.13,1,Medium Value
18129,144,1,112.55000000000001,0.0,0,Low Value
18133,113,1,931.5,0.0,0,Low Value
18135,91,1,109.82000000000001,572.09,1,Medium Value
18136,112,2,600.85,183.48000000000002,1,Medium Value
18138,196,1,152.65,0.0,0,Low Value
18142,58,2,1019.52,0.0,1,Medium Value
18143,17,2,1000.16,0.0,1,Medium Value
18144,10,9,2165.55,723.2,1,Medium Value
18145,105,2,1023.78,1837.77,1,Medium Value
18146,41,2,160.35,0.0,1,Medium Value
18147,9,1,98.88,80.46000000000001,1,Medium Value
18149,116,2,549.68,62.400000000000006,0,Low Value
18150,41,2,413.28,153.3,1,Medium Value
18151,35,2,653.35,0.0,1,Medium Value
18155,71,2,266.56,105.06,1,Medium Value
18156,270,1,206.23000000000002,528.71,0,Low Value
18159,202,1,530.15,0.0,0,Low Value
18160,101,1,318.55,319.51,1,Medium Value
18161,41,3,771.26,847.4300000000001,1,Medium Value
18165,78,1,302.46,0.0,1,Medium Value
18167,6,1,498.48,886.3800000000001,1,Medium Value
18168,77,6,1169.94,0.0,1,Medium Value
18170,13,2,655.51,324.8,1,Medium Value
18171,63,3,684.4200000000001,546.89,1,Medium Value
18172,28,10,5329.32,2232.36,1,Medium Value
18173,100,3,1728.8400000000001,378.0,1,Medium Value
18176,259,1,476.35,0.0,0,Low Value
18177,58,5,1037.82,303.6,1,Medium Value
18178,29,4,1590.81,0.0,1,Medium Value
18179,153,4,1103.16,690.01,0,Low Value
18180,37,2,601.85,1241.9,1,Medium Value
18183,128,2,632.07,0.0,0,Low Value
18185,150,1,304.25,0.0,0,Low Value
18188,191,1,426.6,1574.44,0,Low Value
18189,168,1,633.1,457.14,0,Low Value
18190,93,2,284.46000000000004,0.0,1,Medium Value
18191,162,1,207.8,0.0,0,Low Value
18193,66,1,243.76,0.0,1,Medium Value
18196,191,1,450.78,238.35,0,Low Value
18198,1,14,4427.39,998.1700000000001,1,Medium Value
18200,7,1,163.8,0.0,1,Medium Value
18202,100,3,1396.99,0.0,1,Medium Value
18203,58,1,160.42000000000002,0.0,1,Medium Value
18204,10,2,1367.32,626.38,1,Medium Value
18210,168,1,142.4,2478.98,0,Low Value
18211,37,2,268.7,331.37,1,Medium Value
18212,227,1,248.42,0.0,0,Low Value
18213,137,1,232.48000000000002,0.0,0,Low Value
18218,112,2,662.08,0.0,1,Medium Value
18219,50,8,1367.13,702.64,1,Medium Value
18220,127,1,305.28,0.0,0,Low Value
18221,16,3,706.86,334.75,1,Medium Value
18223,44,10,3604.61,2879.9300000000003,1,Medium Value
18224,164,1,158.95000000000002,0.0,0,Low Value
18225,14,7,2730.78,2778.34,1,Medium Value
18226,21,9,4251.03,977.02,1,Medium Value
18227,118,1,93.75,0.0,0,Low Value
18229,11,13,4864.0599999999995,2412.84,1,Medium Value
18230,74,4,1643.28,1166.92,1,Medium Value
18231,93,5,2083.27,0.0,1,Medium Value
18232,58,3,500.62,92.35000000000001,1,Medium Value
18233,226,1,440.0,0.0,0,Low Value
18235,21,2,749.8,1046.68,1,Medium Value
18236,30,4,641.19,241.05,1,Medium Value
18237,20,2,566.59,420.51,1,Medium Value
18239,119,5,1561.6100000000001,0.0,1,Medium Value
18241,7,10,1205.78,867.3100000000001,1,Medium Value
18242,97,2,694.08,1538.41,1,Medium Value
18245,50,6,1672.81,894.25,1,Medium Value
18246,134,1,232.9,363.2,0,Low Value
18248,23,2,804.02,0.0,1,Medium Value
18250,211,1,349.27,0.0,0,Low Value
18252,72,1,69.89999999999999,456.77,1,Medium Value
18257,15,5,1562.8700000000001,774.76,1,Medium Value
18259,267,1,376.3,1962.3000000000002,0,Low Value
18260,73,6,2643.2000000000003,0.0,1,Medium Value
18262,41,1,149.48,0.0,1,Medium Value
18263,56,2,811.4,401.76,1,Medium Value
18265,59,1,488.55,312.96,1,Medium Value
18268,35,1,25.5,0.0,1,Medium Value
18269,267,1,168.60000000000002,0.0,0,Low Value
18270,167,1,111.95,171.20000000000002,0,Low Value
18272,14,4,2106.45,972.13,1,Medium Value
18273,158,1,51.0,153.0,0,Low Value
18280,178,1,180.60000000000002,0.0,0,Low Value
18281,81,1,80.82,0.0,1,Medium Value
18282,27,1,100.21000000000001,77.84,1,Medium Value
18283,49,9,985.77,1109.11,1,Medium Value
18287,102,1,765.28,1072.0,1,Medium Value
